address,exchange
0x0129dE7Ee8EfF2B3d89FDf5016af47a404898Df2,sushiswap_v2
0x012b714b95DE7573050A039EFBaB934C42Ca7BEA,sushiswap_v2
0x01b6F07Cda487fd05E1d9f7d89DdaECde72329f7,sushiswap_v2
0x02F726B5E819eCF33aA93be5274c94a22Df3619f,sushiswap_v2
0x02cB40E50f48Bdf2403aEF2fbF60e2c53D29485d,sushiswap_v2
0x03037527E9c1616E04d8e67587007436Ba26631B,sushiswap_v2
0x03f548FA3B3e04d4bC5aDd5C055fEeCD225496Ce,sushiswap_v2
0x04E34632f7a500f8CAAEC792DeF13D4612BfBDF9,sushiswap_v2
0x04feDF75A1a84DcF20c58F29375A57B361987Da5,sushiswap_v2
0x073f65E554b8C405C25D6FD06ad0c0D5813E0cF4,sushiswap_v2
0x07B877348a24b901Ca489Dc5fE9c728447A3F1dA,sushiswap_v2
0x0A37884f4bc76dFFe4Dd25b90eE7B50fc693DFDf,sushiswap_v2
0x0BfE05c8C7963Ef2e531DC2aB5b615300b690b5c,sushiswap_v2
0x0C665739075B8de9C6effAe1196B172d96F9DEdd,sushiswap_v2
0x0CDb74afD29244ee777a7f935e4FAe46f3Cd54C7,sushiswap_v2
0x0D7738EF8eF70040EA28Aa474aF8594E1e6F0134,sushiswap_v2
0x0F4d29a28E2b07D6d553B541bFEc81753389FA54,sushiswap_v2
0x0b655E7D966CB27998af94AA5719ab7BFe07D3b3,sushiswap_v2
0x11022f5bD4B65DdC7f03283c8BDDa2fc941A3f71,sushiswap_v2
0x121dB03D3997EFe877Ef27B598c9433D7C122ef0,sushiswap_v2
0x123C934dAA60A059174230395eADc27d6F1668a2,sushiswap_v2
0x136bb12fB30D6DEc5d9e1e1D9A7d96623bA9C873,sushiswap_v2
0x14171bEE940166c6d161AED3c8B967F1fB3805f2,sushiswap_v2
0x156F2A3aFc3acf1e110824E50D7220C4846c1467,sushiswap_v2
0x1afB436b50A24d882dD924718D5374f92946775f,sushiswap_v2
0x1eab7Fb2FcBc01415A5a75d0cfdAf110124d2766,sushiswap_v2
0x201F26Bcb5De606eBf7B82299d8927346BeCf8f0,sushiswap_v2
0x2145A17a0AC3Cd24c107F8D925485f95f1A1c6fA,sushiswap_v2
0x217b1Ab2609C8B839B07871a2B02e579C2Ff3136,sushiswap_v2
0x2413373D74e792D928D98620b0BE4B247A4EA4D8,sushiswap_v2
0x251E989214B042D2297892bBdF1f53E59df4C1f3,sushiswap_v2
0x25B2CFE40157347d64bFC043Ec7Ae3E357E6BEe3,sushiswap_v2
0x28628711b566DEf8152B36F1DF64c07c6b1259bE,sushiswap_v2
0x292dCC6B0200eeEcab51DE1f6b020eEd3c8B66d9,sushiswap_v2
0x295eCb1548102F99a63495214199752CC11498C2,sushiswap_v2
0x29fC04831F11b6AE63c798Fc87441c5dc0f69Eb5,sushiswap_v2
0x31609c8D7C5Cc9Ee46b021c6ECC597181D464688,sushiswap_v2
0x31fA4c12a5F8d0456853F0588b2281FfFBb991A0,sushiswap_v2
0x32A4fC2028371ccc2a82bB5766A374C2235f2891,sushiswap_v2
0x33B5789D6846Bf32338d3704b2a10aE02FDe9c44,sushiswap_v2
0x34225B77216DAd6033ec766C5024acC23f3e65c8,sushiswap_v2
0x34DE7Aa11175D3Df41b017da40359762bEEd6e96,sushiswap_v2
0x3584EDfbDdEa9E72b92A3496139C1DE8313B43Cf,sushiswap_v2
0x36554c51BAE581c5376EC4AE5e51F26c3b0eBc90,sushiswap_v2
0x365752cAC02AAEA7a22F7BA1B76A5f261F8E6dff,sushiswap_v2
0x38F3c44552a3F6E4D21C8c328cE4904DA766D12f,sushiswap_v2
0x39813fcD49c3cc890c3fac81Ab5Ba53CCba6A36B,sushiswap_v2
0x3A772ED6D1186a1805c2aff36F5618b37C47C551,sushiswap_v2
0x3AD1B5763cFBB48359E349A8EbED762ae0e5C0B0,sushiswap_v2
0x3B16B980611885183553CFde75e1196F63faEFEC,sushiswap_v2
0x3C40fc01db96CEe4962e8F234d7Ff3a009F5Caf5,sushiswap_v2
0x3D7ba75D52D46f6a3fDBe719124790D7eBb6cBd0,sushiswap_v2
0x3d065F7716a709355AfF7feB8F867f1375bE12d6,sushiswap_v2
0x3f6071655aAe40259b40048d0DbFD0309fF68a8f,sushiswap_v2
0x40833abF61Fa37d9DB4f7d1719Ca9eFF4b19b077,sushiswap_v2
0x40FaE04aC32cbDA8D16Cc12D7cb0622dDF365e29,sushiswap_v2
0x430a7DC066b1A7070762E4EF35e4847EA85D7273,sushiswap_v2
0x440a2022c16a384B058eBff8935E6bbDe46FB7e8,sushiswap_v2
0x45beE30600A4b91d4A63C108a247F7Ad94355Bc6,sushiswap_v2
0x4673Bf3511Da229860958f0b3c2C2cBa281d72BD,sushiswap_v2
0x467b3b85717c785889c091A41D632ED66E21EA16,sushiswap_v2
0x47134F7A6fBfF0a93Dd0CB3437951055703DD13F,sushiswap_v2
0x4C22f492E8Fc57cE230e4242E0a325c29311cBbA,sushiswap_v2
0x4DA9471c101e0cac906E52DF4f00943b21863efF,sushiswap_v2
0x4F2d4A1B27bd10d2905cae752906B7f3c2577131,sushiswap_v2
0x4b205F0d2cdC45Cf8EAC12f186B6940A69be1285,sushiswap_v2
0x4c2475c10C57568001382A5773b9612a099E8E7B,sushiswap_v2
0x4c4c74C5B403DDB88eB3fD33D93C9365e7382743,sushiswap_v2
0x4f076116dA37eEa56FA7D8A5D4161B8ce3b71DA7,sushiswap_v2
0x503130CdFA02b6D9De3B9C5c861BA319396d2F97,sushiswap_v2
0x517f717f0AE11efc2AF8943071B66d77DfaFc9fC,sushiswap_v2
0x51e8B39A700cEcc96a897772f92524EDd6Bcc925,sushiswap_v2
0x5578efBb03De17C2E9977Ea1f162Bf18f16AE54F,sushiswap_v2
0x55FA8f1A8F7b0dDC6a4F05DfDfad7D8b1dD9EA2c,sushiswap_v2
0x55FC6F087Bb179b033FcF7f19286103f6099f3af,sushiswap_v2
0x57A9BDd471118137D7C32953301eD23B901E61bA,sushiswap_v2
0x58ad730c5f676b59E8B102a12f45D78592ac473d,sushiswap_v2
0x5957E49e6beC50C53976A7B261Ba08e6c6acbaeA,sushiswap_v2
0x5C93505cb2730cC047Bf2191c589392fDDBcBCe6,sushiswap_v2
0x5E59fDe61Fa4b47f0c104Ab7f428c9DB960FDA59,sushiswap_v2
0x5e1ddD6d6aACA8AfAaf0BB127194252510C33182,sushiswap_v2
0x6218870583e49E2Afa12138535115176Eb0E779D,sushiswap_v2
0x621AEe25b89e68188DC035Ec7dF248fAb93bDb7b,sushiswap_v2
0x6225EEc640eceAC7495004C3B55190Dd53f46640,sushiswap_v2
0x624839bFb74Ea7d2b7681eC8c8789Ed4b5EE50eb,sushiswap_v2
0x62606026ae2699E5C32BBA3Ce344150B4C5D4F71,sushiswap_v2
0x62F6470Fbb1b0f8D2B2C7f497e4E12F820C318A6,sushiswap_v2
0x639F3c275bb46Cac0cED433c0d8ab743Fe415Dc1,sushiswap_v2
0x66FF1fe01a81B02F08B5deea56172b882110Ad72,sushiswap_v2
0x6860710Dbe412e7462900031efadC06a8FaeBB54,sushiswap_v2
0x697bA3c8C6708124Eb390eFDd315683925F12e9A,sushiswap_v2
0x69D8234230c2198F95194DAF5cf9305C0141a388,sushiswap_v2
0x6C38a8F61A72E217E71800A6964342e26f8C2fAB,sushiswap_v2
0x6cAf59c81febbB1006b372d1bE1Ae2670cdC5768,sushiswap_v2
0x6ca081A9120dfe0260cd69F4Bc1E1219482dD497,sushiswap_v2
0x7072a1c2c9A0cb20ae0B3C0C9023a42a49542e8B,sushiswap_v2
0x70841fcf7eB7AfFa3853CD4b43C31aA2AdbB3937,sushiswap_v2
0x70e14DEcfF93518441203972f5A62642bD7f49F0,sushiswap_v2
0x711c5dD235318Db30Cf3569fa59aFd7a11980196,sushiswap_v2
0x74193b6a9FD5fb8A110C203C279a1537F037Ef04,sushiswap_v2
0x75333f5257B34F1B711eF80A1d3427d498Cc0b20,sushiswap_v2
0x778845Cb046A226dAB53F7243f97c9e48B9DE97C,sushiswap_v2
0x78244c341d9300D2016BE9B53840c2F88a6f481e,sushiswap_v2
0x7b70177e4e906C4313Be5422a3709E80aCF33329,sushiswap_v2
0x7bcc5E8172a6bCfB56861B807fcf421Ca11541c8,sushiswap_v2
0x7cF14567Ab5d8b1AD7D5778563F5EaC86B48d785,sushiswap_v2
0x8216E46105c14D2d76b3Db9058F6F9d8439B7C54,sushiswap_v2
0x821adaCdD3715051e7b5911e8cbd23dbddfD99C1,sushiswap_v2
0x850197dd5A4865324291d7B5745622A8cd732BCb,sushiswap_v2
0x8600D5Bc0459D9965a0f591C65BF773288585d47,sushiswap_v2
0x89Cca642DB1Be7b598e80553888a21f8C1DC19c4,sushiswap_v2
0x8E357cc8e8B42EdFd58d209cc7f7b9bDC2a67673,sushiswap_v2
0x8dF4AEf65F408bCe816B164A683e6d8e51618C8B,sushiswap_v2
0x8e8e49027b421535D6962369C749c5687FF5f470,sushiswap_v2
0x8ecDed81A2AbF3b7e724978060739edBeb01b24F,sushiswap_v2
0x8f378dDc43cc8e322Fc8FbbcCD395B478C47A2b9,sushiswap_v2
0x93887e0fA9F6C375b2765a6fE885593F16f077f9,sushiswap_v2
0x97C4509ab8e70f2cA91a95A82bD67E857cb02Da2,sushiswap_v2
0x9A4B6aBC39e24e853A1E4Cad8488262433952B67,sushiswap_v2
0x9B31d12590BBf1c97b0Ba62B9626A2E95FeD004e,sushiswap_v2
0x9C7e0eE48C040bD135D3e179C669afB1648AAe6F,sushiswap_v2
0x9FFca92dd04Cb9d548098e8F0A89b1c6bfe45E30,sushiswap_v2
0x9aE68C11AE8354fD1328A5aB3C2883BadbDb2f45,sushiswap_v2
0x9c7F1478B77872654B435ACBbCBc484aab5aE6C9,sushiswap_v2
0xA007A30f218eadC98fC7900264Bea49C21e2e3B2,sushiswap_v2
0xA364EdE5590B46E618527d7535506743D978bBF2,sushiswap_v2
0xA3e154E46Bd876FB270f742DD66C4A593cc18d43,sushiswap_v2
0xA45f6f111b4D5512dc7020cA2754bd7F5a4AA0B1,sushiswap_v2
0xA4F74F82dE3c5D7b2EBcd290E8922581f7dd13c3,sushiswap_v2
0xA4F8BE671c446b27F722599f9e64C91dEa559D1a,sushiswap_v2
0xA53b86D23464aeC1Aa80e7647a7D582Bfdb58d32,sushiswap_v2
0xAbb4a66A00eb976a7DDb242Ada17a5a87279f336,sushiswap_v2
0xB2773ae6c62179e0B2861B0c420C2D4D82d9dC37,sushiswap_v2
0xB52ea54895f3E6EBD3b7a45408E088d8bA29ce73,sushiswap_v2
0xB7dcc530707C5939e4E79cdb3fEaA85b3ae8E79B,sushiswap_v2
0xB9672F3D28e5F349E6715369b4aA2891719222e5,sushiswap_v2
0xBA4d9f4E3Bf7997957Efe3107C62019241313689,sushiswap_v2
0xBe9e01E4Cf12D256f58a2c217827aFF151C3C666,sushiswap_v2
0xC042F29B06c121c5349877ee56b3eF4E3560A194,sushiswap_v2
0xC33eF0C0e78C532414990C4Bb40c079C4abb4Ac9,sushiswap_v2
0xC363BbcD9d3874DE5D903a91Ec15a146D5D55ea7,sushiswap_v2
0xC77398cfb7B0F7ab42baFC02ABc20A69CE8cEf7f,sushiswap_v2
0xCCd9d850eF40f19566cd8df950765E9A1a0B9Ef2,sushiswap_v2
0xCDFb8c27FF2a9579EfbD9B686561f0B6315B559d,sushiswap_v2
0xD02e74431300cB9bE01F1dcea59a7ac5c5b05111,sushiswap_v2
0xD0dab22adad957aa599C17bC5969bBC19DfaF9F1,sushiswap_v2
0xD7cb7686Ed438c55149ded0D4762c70AF3D9923a,sushiswap_v2
0xD8d5d30771310C89Be87cBaF0876cc2CEf33a4EC,sushiswap_v2
0xE33a9C3168E8E17f4C7E12dC0106bD15D0A15ECf,sushiswap_v2
0xE583A6f7e0B2b75B1CB96e247EEf015ff2Ad02D0,sushiswap_v2
0xEE0DCb18c3631277Aadc12B2fee4C88008009da0,sushiswap_v2
0xEdd3e8ed357D75Ac27E61B8F03D08648846ED010,sushiswap_v2
0xEeDea777D7C1Ab243f40a66bEB8715b328e3aE0E,sushiswap_v2
0xF1E60082efBd1C8ecC65b74C53B12815B8f62302,sushiswap_v2
0xF2489147D476F21FB68756e398A06E0762051119,sushiswap_v2
0xFc23A9638C92f40e1ed069fe86Cb438e14477C21,sushiswap_v2
0xa3ea76F566E959f21911b6Ef3e644Af205D1CF7a,sushiswap_v2
0xa648afB31bA78AF8c08B0100a3De7b9f9CeA6D98,sushiswap_v2
0xa816B98E80339602c23f2BAc1FBF19345F364Ac1,sushiswap_v2
0xa98C71070A3012B5aEBD3CaB6DeE6CAD3aDA8052,sushiswap_v2
0xa9FcF373b6bc717223d9464e8c481c9AfAe3f861,sushiswap_v2
0xaFa87b148FBCEAe5096b076FA74A29EA18182581,sushiswap_v2
0xaaeAd7411cdF1ba8506Bb113A5E22B9Eb452801B,sushiswap_v2
0xac4bB8C0Fa1879dDba38B486aF91DC88992C5781,sushiswap_v2
0xb0922Dc146a7E0Bb0Dd72eae9C1162d6a0B3fDc3,sushiswap_v2
0xb50661d4D8EeF3C8CeD79ba00E54313D76042C76,sushiswap_v2
0xb79Bc6e1B786Ff87c32c6a352a1CF27a2Df68678,sushiswap_v2
0xbBBA395C544bd6C40C6a66276ccc67Db44A12C5D,sushiswap_v2
0xbE6c36F49AAc4ee12cA4b23765d9Ea901be00683,sushiswap_v2
0xc133cD3Fd2DD556BAf787219b4Cd5092E7e31F01,sushiswap_v2
0xc4B2F4EB4aFf85f3bb638AFa8821AF4371433132,sushiswap_v2
0xcB8B57e7BE8A60C7a4bf23731E0Ac6C81E8486E4,sushiswap_v2
0xca0b1c6e7A4d9B44C73b4e01977042482E5cA7f7,sushiswap_v2
0xd2Cbd026b45803cE0b70bF5B19C9F940E6f26f8F,sushiswap_v2
0xd3bBFE5537f6d5B5213968c51bE0cA9345304D48,sushiswap_v2
0xd427d89f44B936f1ad22eCed5cEA5CFc91225447,sushiswap_v2
0xd457Dcf097a21E932A03dB4909d9c3108B248682,sushiswap_v2
0xdA9eC5A6Bd0C46EA347ed26aE3E528d54870F850,sushiswap_v2
0xe099BE780AaD2ED229B21431e34857E6a4Dc5A39,sushiswap_v2
0xe33070D1005Fd33A1dfCddeb346cDc0c4748cAFF,sushiswap_v2
0xe361D866e5310f51f170cF4342E418524fF6D42b,sushiswap_v2
0xe621D50Ef01A0991b1a6C09f80Bca42ee6d0E0e7,sushiswap_v2
0xe7fDe327d35AD6014D249ACDea3b827a81bd9965,sushiswap_v2
0xe97aA6c4c9f0c925d3D46E96f127E0aAE60bEa45,sushiswap_v2
0xeEFE34A40FB3C9D876af33D7485E2d0A32951f4f,sushiswap_v2
0xefBCA5F80ba21e6653E16E376Fb753e631f06315,sushiswap_v2
0xf1099868f98D9ACF0C8820B22c03135C06E69c4d,sushiswap_v2
0xf35965Fb9Cd9917F5ff004067e0220dd4A1cAca3,sushiswap_v2
0xfCEe365F5a42780273828c8fdDaa3529bDa86c4F,sushiswap_v2
0xfED4f77af916B62CB073aD7AD2b2C1794c939023,sushiswap_v2
0xfF1E46C805c0902e8861F40E5315b6Ca2C80B1e4,sushiswap_v2
0xfF8A414dE86a2ddFA16d152770CeebCB25126793,sushiswap_v2
0xfbD9a8CC305261244597e763FBAAe0B4Cdb0e8BF,sushiswap_v2
0x0015f9c2F1E3bA44D07fc9cA40D071130610DCF9,ubeswap_v2
0x0104C0af2B58d002AC52b8C2DeBA0cD169B74879,ubeswap_v2
0x01522C42cA43D7BfD34f373d41AD7d90a95E714C,ubeswap_v2
0x018f7E46df32B75202Bd41cD5fbE3d1C48111557,ubeswap_v2
0x0195096d4D31Aea7758293B6FC99DD523A9F5bB9,ubeswap_v2
0x024aCE963DD08b17EedD1f7F29b1f447380C3464,ubeswap_v2
0x028c509e65b1Bae87F441DD9865934943882Eb52,ubeswap_v2
0x02D495C7EC2f08c6303674B8cec2A61c4F2E1E1b,ubeswap_v2
0x02dbe5Ff9503A72c258eAcA5f2A76e4AFE472051,ubeswap_v2
0x03087c9bffBD64024ccfa5953972A6161eEf7729,ubeswap_v2
0x03F946Cc19B8dBF709c156f916054ea6014BE78a,ubeswap_v2
0x0400cbCD2Bf5835949be4b4A74a37c73254345fa,ubeswap_v2
0x0448E99ab5f8230713a9f5D7E64eC2aB6e5952a3,ubeswap_v2
0x0448d034D4A6D138c01e26bA64eC6011E93716eB,ubeswap_v2
0x04993b7525A5d580bAf2f96D61f9f26a1EED49A2,ubeswap_v2
0x04cd8d2C8eFaDb4A546CbAa60d80a82aE7A5c00F,ubeswap_v2
0x05daa74800553D689Eb048A28F4476F5052CfEc5,ubeswap_v2
0x0633Ded603d9E948F1fc2FC7f6b21e1Fd3697bB2,ubeswap_v2
0x063A34237BB7E4F130dcfdaD6e94C32825649975,ubeswap_v2
0x064d4A066E5Fc87E48aeac9A79634d55FF2e0360,ubeswap_v2
0x06D217F4c442F04b77315402D3016daef45FeD95,ubeswap_v2
0x0714439B6b5C76b54Bc59CC7B20B7151Cbd604A1,ubeswap_v2
0x0722cCf25890972061EDd75eaA5c3732BCC391d3,ubeswap_v2
0x079d91778F3e5721083B8647a35f82Be765aee91,ubeswap_v2
0x07D648AB8db9333689E1777Ccb0D48B38Ecc8025,ubeswap_v2
0x07F86B39728Be613062bc7413FC2CA7293Eef022,ubeswap_v2
0x087E2e4c4D6D247cF2B8D708b275aD7b40a37a42,ubeswap_v2
0x0883c4269cAD8fe043667985CC01a430c67638Af,ubeswap_v2
0x0931738d2C2998173058B635524e437172a6a96C,ubeswap_v2
0x09de2F3244Ae856dF71F752261Cf89c9A909ce10,ubeswap_v2
0x0A145Ac8dD820782241e168df594C88085a11377,ubeswap_v2
0x0B3e927e5c133D5DcE02a83F3ea653e66dA3E928,ubeswap_v2
0x0B81CF47C8F97275d14C006E537D5101b6C87300,ubeswap_v2
0x0D3e682f2Dcb606141875407E27902ACe3aff4e9,ubeswap_v2
0x0E799fd6E0CF7401a26b8929a772aaeC3b1d6d90,ubeswap_v2
0x0b35b392E947E42289E0399a572eFB356B35d7df,ubeswap_v2
0x0b6E26BB0f9E886e54010807822364713f102d34,ubeswap_v2
0x0b971ac277E8aD4e282337712bf66522a4cacD6A,ubeswap_v2
0x0c672CF5131eB81D1b141A0C1c9631e751E3c608,ubeswap_v2
0x0c9466ad77506DE065B4bc61CcF418DFcfa85B05,ubeswap_v2
0x0dB5c89780441781FbF887a2EA7AFf5691A71b0A,ubeswap_v2
0x0f52313bcAE358568597611b10Baaa1c883DAc13,ubeswap_v2
0x0f7928A0aa6fd3eF18093102835fdAe45A666390,ubeswap_v2
0x0fa312Bbc0038d2a680A7922CCee0298D11D023C,ubeswap_v2
0x101bEcC927426f75914b6AE1A4Fe7130e5a82443,ubeswap_v2
0x103852EF7586A8BaeA9e25736eAE8bE0342a4ca4,ubeswap_v2
0x10476A9f8474dcB676C12D9e6b01c80C0097BC22,ubeswap_v2
0x10Fa3E81Fc2Aa31a2e32778C7c304E5FB838e149,ubeswap_v2
0x10cf490c72f787fd10bc4d95BfDe8ba1036cD563,ubeswap_v2
0x117dFc362Dd0a6051E8Fe842157AD7C9642F5412,ubeswap_v2
0x11A0DCe6931528fa45E5E34D79C2761Cc8b96169,ubeswap_v2
0x11Ce57AaAE0418d120e4415691B6F174219e4b02,ubeswap_v2
0x1205ac57133802122E2C4a5132A7374651aA1E78,ubeswap_v2
0x1235c30D7964051802D31d48D417BC422240785c,ubeswap_v2
0x124C3034D68AEdd9daE92Fcfc0bDf58f16Ab0B3c,ubeswap_v2
0x125D1DcA8957055d88fa80596bb538F53E5Ee599,ubeswap_v2
0x1265bb3e69968A14fF7c4d8204b17c6B79A7FF52,ubeswap_v2
0x12E42ccf14B283Ef0a36A791892D18BF75Da5c80,ubeswap_v2
0x132551bE475F3b6B21151d4bde100F1115Faa5a2,ubeswap_v2
0x1347E04bC09b84983247667177a8cC539674dfB6,ubeswap_v2
0x13ce4Bff747F47b536DF29C86C1299e8B00cAe2d,ubeswap_v2
0x13efe238C0bC9b94f1D33AdF764A8c8D4c5c3fBB,ubeswap_v2
0x1448Cf0CbC3BF3125418486eaAD9171c9e0Abc52,ubeswap_v2
0x1469b721800CD826b6FBb78e66706500710698FC,ubeswap_v2
0x146B9C53c627B5f0f155Bab962e92E3660c64536,ubeswap_v2
0x1472ecfF55D4018c52a80B1BcC8c9f0406B40e94,ubeswap_v2
0x148C4ce0019a2e53f63DF50a6D9E9C09c5969629,ubeswap_v2
0x1498fcDC98c0c5b76a0505ce470dAb655af37B17,ubeswap_v2
0x14CAE3036A2381E1d69fEd5357B76482751A561f,ubeswap_v2
0x15292280Dd7fa91D4460e26fAfB5F6dD457C5A5D,ubeswap_v2
0x1657D8e20B7b64E4a1a0F4eeaF3E65943D9d4e69,ubeswap_v2
0x167F9AbBb9892a4b762eFA2a8673A88A59ce7b63,ubeswap_v2
0x16d422B0410a080f000C6F84b7385D69B474B060,ubeswap_v2
0x174DEd7E167260ED5CD26dcF58B8A10f4aCf4E6C,ubeswap_v2
0x175228d7A6E22Be68CeE94dD72a9cd0E73c2BF06,ubeswap_v2
0x176F4d0B5F57D6972f7Db2977d15fe1a03C05e27,ubeswap_v2
0x17d524836916d1845F611287131990A42DB36400,ubeswap_v2
0x1800fA8820db0d5C19719C9d725cc90D843553c5,ubeswap_v2
0x1946e19aAc6C20e90eE89dCf98E64a34D1418e48,ubeswap_v2
0x195c21C114e491C45D69a90162D851905EaA7284,ubeswap_v2
0x19a75250c5A3ab22a8662e55a2B90FF9d3334B00,ubeswap_v2
0x19af88F2bB4283Faa95879AE8E8BD6B6C98b4F64,ubeswap_v2
0x1A5077968756E63a44fac960e9f4Af2a6f0535a6,ubeswap_v2
0x1C552a9ec7FB11D63BEfaf08b28dca0922C4104a,ubeswap_v2
0x1DA8e0f04721133eA65FBa2AD48aB762ED5ba604,ubeswap_v2
0x1DC8EeFC3F9d4Eca27EE30765017b236c64466A3,ubeswap_v2
0x1E593F1FE7B61c53874B54EC0c59FD0d5eb8621e,ubeswap_v2
0x1E608710fd4Bd2984e8b8153f5D241B05F2E5872,ubeswap_v2
0x1Eb738eC1D46c9BEfE95e830E19d0f537619F2D7,ubeswap_v2
0x1a772BAdF8C70D8D31C2e496850F0805EA1d9B6B,ubeswap_v2
0x1aF4C8991bd4060d9F4b609cE1BD831d94e3233D,ubeswap_v2
0x1b07b8FE1d37E3CCcD143Dd3FaA9E0cc354b783F,ubeswap_v2
0x1bFeB9e6db58cb141aEEE33381d4A56c1B110E16,ubeswap_v2
0x1bc8ac4a589B7940DEfB90E1291F92006D6e3bFc,ubeswap_v2
0x1ca03490Bc8D4aE96D99C8Fa4Df3cA82f3eA7122,ubeswap_v2
0x1d4EB3012a3A26842F8dEF1cdeC2328735806465,ubeswap_v2
0x1e349846032C805E2F2c31320b4C14E98fF7dDdb,ubeswap_v2
0x1faEb9Aa3C50A9a87DB325699D6516F26c8f5256,ubeswap_v2
0x2004d4b6edeA896433B9614031caeC7412440862,ubeswap_v2
0x2081670763dB1cCE9162287f2f69a68f959F5dd8,ubeswap_v2
0x2163bEDAe9dB6f4d60870c81754c3c173cC26F6A,ubeswap_v2
0x216915F5edd69617cf10d3325286b13605a4347C,ubeswap_v2
0x218AEd024d51EcBd6a82D143be04Cd25d563628e,ubeswap_v2
0x22F4Bc286799fD56446425bc7B5928F7200d2152,ubeswap_v2
0x22cf6373489862E0f719c62691B7c33CF5Ce88Da,ubeswap_v2
0x22da42914A3Af893a5c8d133f550b8bCE7bce3E7,ubeswap_v2
0x22e4acB14e43f97F22B58ac286DF3C367bb464a0,ubeswap_v2
0x230F9B5BDE7dc5b50d41c43f88db3BB1B567A0ca,ubeswap_v2
0x235EA8102819662b7852603a690fAae87675BD83,ubeswap_v2
0x239b062fB893cA0E1A6163f684575CB4Bf07B59B,ubeswap_v2
0x23d713a50ee20593861cDc0FC39669B11505D52d,ubeswap_v2
0x254a3fA791B622badd36a8a65ea2FE0A7dad990A,ubeswap_v2
0x256762736c4D1E7c6F39B00960D5eAc81446FB64,ubeswap_v2
0x25878951ae130014E827e6f54fd3B4CCa057a7e8,ubeswap_v2
0x25938830FBd7619bf6CFcFDf5C37A22AB15A93cA,ubeswap_v2
0x260E3A067D3f6383410d27dbe6D589fc04A76FEC,ubeswap_v2
0x262e03734A33154a03c3AFC7270B6ef604Ea902D,ubeswap_v2
0x266C8550Fa54dd1Ef354a8BE0e20303aA4d6e3c3,ubeswap_v2
0x26eD5de2627c6706A3A8C66e101Bc83F5152f180,ubeswap_v2
0x27616d3DBa43f55279726c422daf644bc60128a8,ubeswap_v2
0x27E0Abf91e7C2164868fDFD06870005991bb5456,ubeswap_v2
0x27Fc5a7d16f5f42D21bf443A6E31DbeF8a205B44,ubeswap_v2
0x2967F068A981e597BedF3cf746fE7476BB6FcB90,ubeswap_v2
0x2994297c01A441097535781731711a8122139B06,ubeswap_v2
0x29C3A7813f966d3AEd9199578d1b0F7b2dAf40c5,ubeswap_v2
0x29cB4536Ee663aCe6f7A5Ca1c3b8Ad68Be398cc0,ubeswap_v2
0x2B9D7892AE07814939b83798e909457fC3075343,ubeswap_v2
0x2BAF5252bef0a9908d05a4bcafFaF144e5770807,ubeswap_v2
0x2BB94C21204589599D0905E9b3D05970D5f555CA,ubeswap_v2
0x2C2883F161A018B56039bd95Ab0bE36DFBF16e6A,ubeswap_v2
0x2D4D6193edfe8748B9b00E1294655789EC51Ac27,ubeswap_v2
0x2D91874371012004cD0d43Ac0E3dc9F7AC39157A,ubeswap_v2
0x2EA72A6653EA5f64830DFeB656BC08b616A99Cc6,ubeswap_v2
0x2FF614583C0aD484BFeB5B2577b1Fe5152cc2FdD,ubeswap_v2
0x2a8e67F022F6Ea422e92c21AFbBC635F1F3eaCDf,ubeswap_v2
0x2aC2CfC19ffF82a74306EF91401E4155CE75b4B6,ubeswap_v2
0x2aE22cDcc0f7b61539087aEC994F186a2c981bc3,ubeswap_v2
0x2b4736bfAD9db83e4c79c959Ed215039f5FdBa31,ubeswap_v2
0x2c2E8b51d29dCddF0E99830aFB8421c50072b308,ubeswap_v2
0x2dD5e18A4EAD1bCB1636EaAdC720942f753cc463,ubeswap_v2
0x2e3a937152BFae481763E558de85b8c7E65e4937,ubeswap_v2
0x2e6F82359d24598F0143B5Cc8edaa1D32be0d75d,ubeswap_v2
0x2eFea009ac684Ee817cfE9007d1352c4501C53B6,ubeswap_v2
0x2f258555C5948681831fe1F7B2E37677d330592C,ubeswap_v2
0x301226d32b33a48E639238a7165c42930bc61554,ubeswap_v2
0x302C1cc85ef9642bFb6b14b9Ab4a8934CB8C171f,ubeswap_v2
0x30D82bEEE73fA47e7e4dBd952E619297A3567cb8,ubeswap_v2
0x30F1639B42E5F14c176E47d07199F001F122238c,ubeswap_v2
0x313e1B5edEEbaB73b6e869a74A896dC999E204Cc,ubeswap_v2
0x31508112E9250193eFcd8d5a49C65f19e497A629,ubeswap_v2
0x317dd29A862b359478b94e795FF08BD0df94574D,ubeswap_v2
0x318C17d16939D5925B4d25aBdfF6EC0332A82d0B,ubeswap_v2
0x31f9DeE850B4284b81B52b25a3194F2FC8fF18CF,ubeswap_v2
0x323D530dE1d15324D0Ecb0c9cEf8790b8333cD54,ubeswap_v2
0x326fe2646bD2d6ba3Ca08e98adb33E9bf5eBDD2F,ubeswap_v2
0x32900D9454A9b3eCBF9164eAf0349f6B974A60DD,ubeswap_v2
0x3352f7BdaC63D71774c057995B208A0D51263213,ubeswap_v2
0x33DEfA5B4b660F8251c6fB64e2b21d292F24231B,ubeswap_v2
0x33bc9cf889c2E9347F9021aC6C85290B8Aa37677,ubeswap_v2
0x3538072ad4f25ACf0c8dAB5CAb56f853B7F9656a,ubeswap_v2
0x354D379035b6018d1ff02eAa799e8cBf96076610,ubeswap_v2
0x35a3353546C258D94285dd5445d5Cc40ff49195a,ubeswap_v2
0x369D600267EE95B775c65f36995706Cbac1E8133,ubeswap_v2
0x36F2C32f5F53325fF91C18251Bd57B053Fc04A70,ubeswap_v2
0x36d9AF3F274a9E48D1B59dc75CAED06959E0511a,ubeswap_v2
0x371e4F2142D086f4e839692b23F13b404E49eB41,ubeswap_v2
0x373e90349f14b08b18ae263145Fc3e0609BDfAEd,ubeswap_v2
0x37d415068Af706EAD563BAE7a16023B7e023Ac6b,ubeswap_v2
0x39AC98447f28612D3583e46E57cb106337FCAe3F,ubeswap_v2
0x3A9016f3486346085c124A968a1aecfb657198fe,ubeswap_v2
0x3AAd0a9D0DF37410a08Ac97ad872defD413B73a2,ubeswap_v2
0x3B666E27a9633997e77A55dA2F4E0db67DB747F3,ubeswap_v2
0x3Bed4aBf3d1abF5E95DEda3d33C23Ab69CaBB184,ubeswap_v2
0x3C850C96F268fA8bE6a6650eF98CA252e0781BfE,ubeswap_v2
0x3Cd195B3493d8c82843283c086C93EBD58a28C80,ubeswap_v2
0x3DdC899089d06Ea337f665db8f0ba6d4F2021B4f,ubeswap_v2
0x3Ec1D91bd1DCEbE396ca3FeFb670C4e058444D2B,ubeswap_v2
0x3F1eA6409B716b22038716A0e4f060c778C94560,ubeswap_v2
0x3a0bC6751fc1005867E88BF81D0A5E312e54Db47,ubeswap_v2
0x3a36aE92B19106E3df6d8503B49c07C931952F72,ubeswap_v2
0x3a743BF90c4c1A0B94c236D7A5532eb1687dfD87,ubeswap_v2
0x3a820bBa932c7f85ce3c6736D1BE982E779b5fa8,ubeswap_v2
0x3b41526e92DD519F93adDd44172402CfF17089B4,ubeswap_v2
0x3c947C09e86333456C724D5Aa55e3568D572EAa7,ubeswap_v2
0x3dBE84b0445e2862D883c885e47bf618A8dB44a7,ubeswap_v2
0x3e9dfc22013Cd5F3F74C55863b3ef2326994a3D0,ubeswap_v2
0x3eA1e47F5126F6A6077A92965b9D1b1aa241893E,ubeswap_v2
0x3f3a08C19A6b2A906088c5BD6370cafe8CdC22cd,ubeswap_v2
0x3f7F79bE2f3aCC8FcfDf84c0F026A9e3DC13aC80,ubeswap_v2
0x3fbA7051325a232ABaaa9aC2ABb131Ab729f8411,ubeswap_v2
0x3fc81d6D7Fa2b2a58a6B399867E917510C927723,ubeswap_v2
0x40384758228CC55de2d1938bCd03595d8EA631Fa,ubeswap_v2
0x4045842B1bbD83BdA63ec5Ad58f86F24B5483278,ubeswap_v2
0x40B6413Ff61D28fF796849382cb5b6Dc0fcfA5C0,ubeswap_v2
0x40FcAB4C9278E723c99c40AD6516f798E0c34074,ubeswap_v2
0x40b2c67Fc2C34Fb6e06D53bb8746181F9B7e1eD5,ubeswap_v2
0x41291Ae61FE7f1E5e034398580542f824422C3B6,ubeswap_v2
0x412cB25Ad4ee1a4694a2fA32c619EbCD87CCb036,ubeswap_v2
0x416719EAe60Dbae7a0565E9010c4CcAFBC3e6D74,ubeswap_v2
0x41FBE66c9cdb0842E9793fC07740508e6d3b7509,ubeswap_v2
0x41f5739f1242A276a00da9fA82D32CBDb9b8dB19,ubeswap_v2
0x41f7F5eFfAd65da857C894758583c407f202552d,ubeswap_v2
0x421D68FE79c557f2B1e9B3f2AD1D6983FaA17ec2,ubeswap_v2
0x426988463f88Caa67F1Cb55f70058E782d2c4312,ubeswap_v2
0x427c95a1379182121791cc415125acD73ea02e97,ubeswap_v2
0x42D20E80C3447d82Be8b8807CC622abFeC272f71,ubeswap_v2
0x445e1d972073074112BDf21d2f1B5aaEC61E7AB1,ubeswap_v2
0x4479F35B5C859fbaA58B2393Ee130396B00B86e0,ubeswap_v2
0x4491C716d89A427146aee0E534A45c7ae0F34c67,ubeswap_v2
0x44BD36764acDe55bd12F5390a2aa16AdBCF0B827,ubeswap_v2
0x44d654723b315b8bF4B851028fDD3f3C80598533,ubeswap_v2
0x4550aa33f162A2887e40673Da1Bc8c23113Ce1F7,ubeswap_v2
0x4579f0962D7749b77B254Bc1f9535A875B4dBb6A,ubeswap_v2
0x458065906FbDE01511aeE04d21Fae79DC41Beb77,ubeswap_v2
0x45C965d599F288c961ED662284110971FE6B9B2e,ubeswap_v2
0x460a92734ee09598F38B167e56fd8cf01e764112,ubeswap_v2
0x46Fd98fca3910961A2716756116B82a9c97DD28a,ubeswap_v2
0x481e2A2C995cF1f79CD0aCb7831842C4De14e79F,ubeswap_v2
0x4831cE52cE4e465Fe20258779A78509193019680,ubeswap_v2
0x4857E2F4e0b68bD31149f3f44CE0d883B7c4E440,ubeswap_v2
0x487883dd6f166cC845e9038ff82b4a4D0429434B,ubeswap_v2
0x48B8c4c9a285FFA73c599C4fdBD446731BaF51e5,ubeswap_v2
0x48e9894038984b0376d3c96899a259e6e1ee12F3,ubeswap_v2
0x48f36a3115e8a24e71100C600DD1e64798E8e657,ubeswap_v2
0x493eC858073311a7B294A6b14FA8e1180DC67B87,ubeswap_v2
0x495AB639a051a9fe34081d06ef1B1DE6f3d43D14,ubeswap_v2
0x49DD97bf510aDd1a81ac98945f032f93135A1843,ubeswap_v2
0x4A3c2B227cAe45D51A9092795Fe3c312C8C8896b,ubeswap_v2
0x4C28cc5bb6Cb930E15E9d7d755dbfca9E95d6dC9,ubeswap_v2
0x4CF6f1C7b2dABE6a778B6348284ED66D879365bb,ubeswap_v2
0x4DdfDD39D24B0E277B025E496E64f3A0FF574b59,ubeswap_v2
0x4E0Abf0C52e6AE85FD9F128053aCf15fAf7f7360,ubeswap_v2
0x4E3B9d2Df2FB1aa6a6011f966770fDBA909e9dC3,ubeswap_v2
0x4E6dbF5B78b531AbC664f6BF5B5c47E2364058b4,ubeswap_v2
0x4F2E7f51ADeFF438205247AEe26e2715d4929688,ubeswap_v2
0x4F5114E2dA0fC0C6E55186663026DE8d971ac685,ubeswap_v2
0x4aA7510e664F3671a77b5899ebA6AFA2b04e9aFE,ubeswap_v2
0x4acc58a67853593f3E112D49a524732BDcc6DB16,ubeswap_v2
0x4bFbde2e484c2069e76c3207293E29daAA34a762,ubeswap_v2
0x4bcACde0Dc3202eb2Ff70e17b6894998D851b293,ubeswap_v2
0x4cbfb30aF4f9033c1A39C8431298bd283e6220A3,ubeswap_v2
0x4de14E9D15423C4D5F692E6Bd5950F9425021789,ubeswap_v2
0x5033ca747e1a946Ad3CFA8afF28A91548fd45f09,ubeswap_v2
0x5052317FEf1391583b89C4BBf4E1990eBa765d6E,ubeswap_v2
0x5075210f7c0a6aFF0A9d32a10b924bC2165aBEbB,ubeswap_v2
0x50966AFd84703ba9183b2aF614eB991D460ccBa5,ubeswap_v2
0x50B0589B4f07CeF425DD74D68B4101f73874F738,ubeswap_v2
0x50CB5Fed70B214368CC436Da5C958443210E388e,ubeswap_v2
0x514269119dD0b52a876046DD2F893f3900fDc126,ubeswap_v2
0x51c70B6e3ACb1c80e1364B55B63738A1e97a4F4d,ubeswap_v2
0x5206d64c3e5A0884E36160618A1c4e15B5974BdC,ubeswap_v2
0x5275f5F363Af99b521293a6A444FC802bDB86dF4,ubeswap_v2
0x529df6B793C8516e5d12AA5DBfc4505374c26Dc4,ubeswap_v2
0x52CfF43f6E39B0E69dC2c4c0f29db5Aa74375ECb,ubeswap_v2
0x52a7945350b197575BD7D5D889569D818D9d7685,ubeswap_v2
0x5326C288b431e8D01787114662c7B3c2eC730A39,ubeswap_v2
0x532C2BFd70070d65f4BEb1528147eF4E17B15837,ubeswap_v2
0x5378cFBa8bE63CCBB41Fc936c7C5189625Eca5C0,ubeswap_v2
0x541058194cAF222F970De0EF1Eb9C3Cb0D5f38aA,ubeswap_v2
0x54288E8621A0c5D09ef005d23efBA07472e88787,ubeswap_v2
0x54Df01a0f21C4D5111c39FfE23218BBc7dEf1c9F,ubeswap_v2
0x551323cdf67e560fADF5A5332eBE3a09262Af8ee,ubeswap_v2
0x55222A2A85f0C2A41Ff51133ac150836ce802A45,ubeswap_v2
0x552ac6d7506BB64eF7BeF0E98953a7f35f1A5f06,ubeswap_v2
0x554B3Fef4b61eE0b1f91Eff361e8D07875856bAe,ubeswap_v2
0x5565071040dCF376c80BcA9587a52b0412b80052,ubeswap_v2
0x5666Bee42d1148319E36F754F4D69332B1D8a01C,ubeswap_v2
0x568d8bA240442694d54f13106A8c6B4455404E46,ubeswap_v2
0x5724CcCFef36B20250817Aa28E0D68707bDd0D9A,ubeswap_v2
0x573bcEBD09Ff805eD32df2cb1A968418DC74DCf7,ubeswap_v2
0x5748378bb1180a451A52eA5E275fA807202e0ffF,ubeswap_v2
0x57594C5892F47786fd3AdF61aD0999bd109d131F,ubeswap_v2
0x57a6e746387528f3b7AcEA90a8eeb392b92AC452,ubeswap_v2
0x583090d9f05f2Fac2D9B5A9960C8F27F68823E86,ubeswap_v2
0x58FfF7110e39c733fD37742b8850f9205fBC351B,ubeswap_v2
0x5981b6D5A0075B2757656b264F9f4b75FD6C471e,ubeswap_v2
0x59995cFa8713857C56404ad5a2C1B4e5881E976D,ubeswap_v2
0x59a0183f8AF9266014e5c6c93D4483fa9DBc45e5,ubeswap_v2
0x59b22100751b7fda0c88201FB7a0eAf6fC30BCc7,ubeswap_v2
0x5A17eEa16d8fABd715c9fe0053F3A464AF98Dfb5,ubeswap_v2
0x5C62f0A1f1ECc8F54bCf7BC92624e2809B0a44cD,ubeswap_v2
0x5C8dcaDE49Fc1E065363417459aEe3B92be9D95d,ubeswap_v2
0x5D1c85e75e09414218257333a645c2cea0c95F3A,ubeswap_v2
0x5F6536661AD059c847BC020622e27dAC396075E0,ubeswap_v2
0x5a0298715Ee1c8825C6187d1d57829a757f21F24,ubeswap_v2
0x5a9d279Eb5ED9bc854fDD7884b193330F6Dfdc02,ubeswap_v2
0x5b7F7678DD1a2ee518081cecD141A8A2ff3A2C55,ubeswap_v2
0x5d3be0Ef8F83d2Df0782a89BDCd28978eD4dD13F,ubeswap_v2
0x5d60b9766530c4535BD753B1FDD7efEA400539BB,ubeswap_v2
0x5ece6259499eD7cB8F6ad20338D399241bc25419,ubeswap_v2
0x5ef55c5bBF1a927bA0fEc614210832E1869a42F4,ubeswap_v2
0x5f5a52C9D3CA54D9804B60a1af1eC9D5cCcd2d74,ubeswap_v2
0x5fF1a6450D2DC0a3b86429df2eeA9dA3e33d44E8,ubeswap_v2
0x5ff8c76173906CA940fFA5FCA2444791F0786702,ubeswap_v2
0x6065737B07Bc24cF3237E8d91bedd9Be0314fb25,ubeswap_v2
0x606a73fe860D08E835687DF5aeF882cB5730d0F9,ubeswap_v2
0x619D3a9660B3D3441CE29c70b82eA4FAcb06339f,ubeswap_v2
0x62683b8D2DF87A72A6286C37a3D0a5f14d51B3bb,ubeswap_v2
0x62cfA295864cfF683CDE9B47D4bACC77B885DdB7,ubeswap_v2
0x6311849c3c1da799f908c590e32401A20eea4261,ubeswap_v2
0x631E2c3b71081Ba3B2f1d52032835f39d49BcE74,ubeswap_v2
0x6328A72067865da05D4B76f1380420E564edaa7d,ubeswap_v2
0x638873B59FEe9e5615bfa31824e1ca75a70ED4a1,ubeswap_v2
0x63bfA7dBe921b4aA19d30692540959E2D5086773,ubeswap_v2
0x6484FA87619D2Aed2b021a3d93761288Bd8CFcBA,ubeswap_v2
0x64FB872e416051450bC0478c914eC67E9eF961b5,ubeswap_v2
0x65596e0f281b0CBcba0aA261982690E9BCBa7247,ubeswap_v2
0x65859679a57E27ce4e9Ad22D906eaFB17BBDe525,ubeswap_v2
0x6626da55d43425A4EC1067b091Cf87a7EFBDAD6b,ubeswap_v2
0x66510D2F02Fa3f08925B6bf80d189fD61C7a0879,ubeswap_v2
0x669a597Cb02AD5C1371E8F3587A6c05Ec4fA1373,ubeswap_v2
0x66b096082685928fe072e391C6E0De32a59064c1,ubeswap_v2
0x672f2E70A42c1846008B2b70fA7b236A02bA488a,ubeswap_v2
0x67449E82A0D354d34e6B7487A968EB3E15Cd47b9,ubeswap_v2
0x67C478dAB8fA4cabb5AF43943f5874e3B1E9a352,ubeswap_v2
0x67f0B57D5bA5FAFC680751d1112eEC131E22F94F,ubeswap_v2
0x68103615041AE45e42b1988B7367a9Bde5615656,ubeswap_v2
0x684dA04524b1A6BAF99566D722DE94CE989Ea722,ubeswap_v2
0x687460E9f5C028A22f96fe2DDeFEBfF6b8Bb2aCf,ubeswap_v2
0x689043085e7a39B6160A581FA5938C26f145EC49,ubeswap_v2
0x68994e4429Ab46573060B96B3A824c8E217d01f6,ubeswap_v2
0x68Db592F21d512259609bCa9d06404dd61C103f7,ubeswap_v2
0x68Ee9824241c1cB5c42B68DaF7D64568F49b5ABa,ubeswap_v2
0x68e9c4f4676274B2A5D981423524dFe2ED360759,ubeswap_v2
0x68f5ad364Aa0fc13a5FAdE9Ddf6BadA7DFCB026c,ubeswap_v2
0x691C4d5BDbEd0b091e9775E7027BaFf58AD1D054,ubeswap_v2
0x6955052732D1097FF6dF780a6699dfD65E972D9D,ubeswap_v2
0x695ca5954D184fB8141Cf1648876BC3e895b3F6C,ubeswap_v2
0x696E8429D87dB245110F83296FB2f80Df2aD58Fc,ubeswap_v2
0x69d5646e63C7cE63171F76EBA89348b52c1D552c,ubeswap_v2
0x6A0823FB6bCB2b3d6D86Da71a3Ad91d7F8d1e0df,ubeswap_v2
0x6A230e53407757eFb114076373432a83d45dAb77,ubeswap_v2
0x6Af876a4eA6566F5a347614E7dbF77482d62BF12,ubeswap_v2
0x6C47f1b1Cd7C3Bf69a3f36df53E11A707bd91849,ubeswap_v2
0x6C4e4ed44653fB7917d12c1d145b7Aa965a31089,ubeswap_v2
0x6D68865C7B1e20f8e2CDD1e2ca162FC52FA79836,ubeswap_v2
0x6DA421656fcF11621B0D152440392C5516C9CDC3,ubeswap_v2
0x6DC3682033b882eD9860Ddc80971251a7f73e715,ubeswap_v2
0x6E325FA50a6E14B9cfAb06396428Fe5B6F47f11A,ubeswap_v2
0x6E7867e0d59eeaD12E5f17478d841f671D0a9Af9,ubeswap_v2
0x6F3324B3E3C4d8b0106c42BedDC8BBD23c1bDaB7,ubeswap_v2
0x6ab04e988b155F692615E50d562c568C407F2bF5,ubeswap_v2
0x6b5B32Fba10bd44Af0302F74abE9fAde21f835Ca,ubeswap_v2
0x6b783574905e5194a1cC3881004c15a45fbb1E73,ubeswap_v2
0x6c52401217fF21D6e37fFeb2066D03de35ca4B67,ubeswap_v2
0x6e14374828B673f1572F5C9e9fe0DEa7F4d72243,ubeswap_v2
0x6eaa005f7B129F68530CdA0CCB43F4e36084652F,ubeswap_v2
0x6f011A529b0AE5b6ee8350A0FffEF0ff170D5122,ubeswap_v2
0x702A5E47a15E5f9838c6283a238A98fA9A034D4B,ubeswap_v2
0x704021C8799d8EaA366606808b912e8a9aB14ccb,ubeswap_v2
0x705724312ab3d41c12c5e1ebF98036d7879A3251,ubeswap_v2
0x70b24fE068e60e431792Ea177cCf087BEd2EF5F7,ubeswap_v2
0x70fc1242b727b11c7aAD8088aC2d1d0c959e6023,ubeswap_v2
0x710dca008265f53b02195e566772Ee474d558Ee5,ubeswap_v2
0x7122f5B38479e34296Fa6D0B137625c5620C1819,ubeswap_v2
0x712b511b3c3F0DD30294B1d17B972184D01f73D8,ubeswap_v2
0x714C1d71b76ed73347309536BfAB030c11C2346C,ubeswap_v2
0x717Ba910ad1BC3D937935d4c66bb6DBe7e7fF13F,ubeswap_v2
0x71862cdd7A70fDFC960bfd56FE0dDfD85f281364,ubeswap_v2
0x71B86A2d2Db7d5c6F1538706722526Cf9801d514,ubeswap_v2
0x71b82E4CcbF61302944Bb8e34c4a3feB597c99b0,ubeswap_v2
0x71c539Ec9D6798e6484Db6B13eB9aD1b503C9306,ubeswap_v2
0x71e501A24DCD5838D5ded74b9C44F33053ed7cB0,ubeswap_v2
0x72011144803F812832eA04A767C46d2b57945561,ubeswap_v2
0x724429D6C82D85d830d552271Bf095f4C49583d2,ubeswap_v2
0x724ff4aaFA4fd2C44a1726707C2f1b3d1650Eab9,ubeswap_v2
0x728164dEE5Ab3E73634d56088760bE2cbc91B03D,ubeswap_v2
0x72AFb7690ddEa408cBe62b917adCa24A0b3C5e70,ubeswap_v2
0x72d7FdE922c8B505AC066627FEC034Db7802B963,ubeswap_v2
0x735206dF61565a127AD3bf65Be743599ef2136E9,ubeswap_v2
0x736fC67F144e208381b85Dd0898fA1a6677bc437,ubeswap_v2
0x738b0C1e51b243aF7E764194E60BFbD3CA8B5F4e,ubeswap_v2
0x73e155928F68A9D456810DBbFe92a5e3472A66E7,ubeswap_v2
0x745828A7964091b18098F49d07BfB2bC3d993E8F,ubeswap_v2
0x746743d9A421f543990087e0693d168CC8DdC719,ubeswap_v2
0x7512A485229eDAeAe7B07C08A695B68ea092C5cA,ubeswap_v2
0x752875E07e20bF03908d9f5d5C5E7dC330C801A1,ubeswap_v2
0x7655a68f77017495A8be9827Dbd0760b20B3b22d,ubeswap_v2
0x7668bF0F164821f6E3BCC18D4dbBe226938E345C,ubeswap_v2
0x769aFf7c0dfF1B12C461575be1576028Bb66754E,ubeswap_v2
0x76D4D4EEFc09156d6217645ED9C1177F525ebbDd,ubeswap_v2
0x7703874bd9fDAcCeca5085eaE2776E276411F171,ubeswap_v2
0x770C0db75444e380F52b97422b920494481eEfB7,ubeswap_v2
0x776c897eb1F29f4D9947370162b1BEF36a1E9b41,ubeswap_v2
0x78A2294A4E48aA18C44Eb99a815dC126e1CC7BB8,ubeswap_v2
0x78cc81bb9ef73875F7F9b4B8783D98c5eAEddC67,ubeswap_v2
0x797139C73AF13396Db933238432452cd4035Fd9A,ubeswap_v2
0x79769896A42187b07056379D0a476d07ea7926AD,ubeswap_v2
0x797a7874d3fC46D5a456230c1Ab9611Ef0f7D6F1,ubeswap_v2
0x7A059529C24a598b207eeD1AAAc07974eA688128,ubeswap_v2
0x7A9Cd2e3D43D44d99Ae5D155ACb446390479025F,ubeswap_v2
0x7AEF68d7EB24f7aE09baf4d10e647b9ffeBC6040,ubeswap_v2
0x7B0878B48264b838e1A8EBDAeDd9E5Caa34f4739,ubeswap_v2
0x7B372a67870D329035E5BaEeD5E0aD9912db5CD6,ubeswap_v2
0x7B5Cb3f791001765E061404fEcB9aFAd8d646F4c,ubeswap_v2
0x7B7b05A80b6041cD039C4e487f269f47A776e396,ubeswap_v2
0x7B81931a322528985B97099D252deCF2FA57D0bD,ubeswap_v2
0x7BCc5047071D7F1dA46ca6Cb00f9eb42f1DbbB64,ubeswap_v2
0x7BEB9fdB0490175491DBD8403914899B4bd2FdEA,ubeswap_v2
0x7C3E483ca8544AFB5CEeE6F304D688c63b637a37,ubeswap_v2
0x7D1A05f656aa9e5526A470e80f4d3EDcD70cEfE2,ubeswap_v2
0x7D58C73E8188a423E6f99aB752037AC277E35954,ubeswap_v2
0x7F345A5682e71fC92e922D6AA0b63EF795297C1e,ubeswap_v2
0x7F8d732cEb9B20e33b21BC4C82CC49133aD65288,ubeswap_v2
0x7Fba917c46eca341b6633B573e3F5BB7A6639C14,ubeswap_v2
0x7b093B24d8922c4186AFEa083014FF34ACc75ba4,ubeswap_v2
0x7b510325aeA6F3FFF1cc004c66b01409e7A093Ac,ubeswap_v2
0x7bCaBAe98dC1EBa308F12d0BDB4555d8F0aaDe2F,ubeswap_v2
0x7c02eB272F249FC9289A9Eb9095025438Abb3296,ubeswap_v2
0x7c513796215969F02f4Ce29a4d7C3ed3fe54342D,ubeswap_v2
0x7c8341b10FF1304CBBb6c105Ec2F4c0D936D4D94,ubeswap_v2
0x7cF64aE321fD360BC7a50f2A8D68C981DADb5a27,ubeswap_v2
0x7cadAe5632f2AeCD6A65efD7e24fa4E4935A1a0a,ubeswap_v2
0x7d62fDF22977050496bC6F1507055060AA3859F2,ubeswap_v2
0x7d63809EBF83EF54c7CE8dEd3591D4E8Fc2102eE,ubeswap_v2
0x7d808c99Ee93eED012C0110dB9874AB469fD66EC,ubeswap_v2
0x7d8806e651bAB63f76ad564cA8E742e1c2b8497a,ubeswap_v2
0x7e0722b1b76cA6f002237d4bFe6b8C86e6F20378,ubeswap_v2
0x805c7386Fb49637154dfc53C0c117691765451cc,ubeswap_v2
0x806e181798465edF56C66E29e2df01CAF4013f76,ubeswap_v2
0x808d963cD992dc5811dd0A9a3C7D0C972cEE5ab2,ubeswap_v2
0x8098E892D81774Be352256489f1Cf6Dc1492f676,ubeswap_v2
0x8117155d5d352Fb9E9826F45E68105e5eAB7398B,ubeswap_v2
0x828f11B88606426125850b4f5809bB3A045DAAf9,ubeswap_v2
0x82BE042EcDB94f1aB0F23Eec1872C0E242531705,ubeswap_v2
0x82e0973494dA54464556d277a8741283920A4A0e,ubeswap_v2
0x831AF45aF45f71731BA740C7B28398bEd3641579,ubeswap_v2
0x832e6f1499fFC4512a316A6457BE8C2d7bBC102A,ubeswap_v2
0x83CF02F79Be87A7402A3Cac013d0e1C95FeFcAba,ubeswap_v2
0x842b4D2C88FC6E57C4F80A2cC7c176a91346EC05,ubeswap_v2
0x845b539D5F558cD6c2Cf0db12fbA119f66568B51,ubeswap_v2
0x84cBED67A04D2f8b7C550F318c5066EFd4Cc48ca,ubeswap_v2
0x85352DEa20Af1F5e81FD10ee10B4af349AcA8D30,ubeswap_v2
0x8579f68Fd04aD6e4c5FE044a5539f2ff07B4F5Ca,ubeswap_v2
0x8582873BEa86ec2ee06cfB772f27a53B0701b61a,ubeswap_v2
0x860115FDF56328Bb57B117C40C2E6Cf6B186bB10,ubeswap_v2
0x86068E566dB5c30668F3AE03d9C1700D0B39c641,ubeswap_v2
0x866ec3B5B23Fc1E29F3452af1Fc0AC7859C2eC1B,ubeswap_v2
0x86930115034D7e4A00C5AD5F6C6cd31f3780a445,ubeswap_v2
0x86982639709532291512dd54a225C902093274a2,ubeswap_v2
0x86a2a2262B87605b6d2A6832423cB606995C8c32,ubeswap_v2
0x86c3A6e885879F3C4508C1Cc1f5C2e8F886eF281,ubeswap_v2
0x86d068dBBA0A909109E069BD7d7042FD02e138C1,ubeswap_v2
0x874eCD62Ea364c8CAF20F5031909c4ba36d27726,ubeswap_v2
0x8796d655E0A7e2c35Fe1725964022F04D3846385,ubeswap_v2
0x87C5A76d658963da8f31256d66D1B375e51619f8,ubeswap_v2
0x883d42f6Cb9Ee9a69E2d68d9709DEbCcf45BC5e8,ubeswap_v2
0x88935332CBEcCd2B53c5976d113Dc17DF67B71e5,ubeswap_v2
0x88b5f95b22d029d87147c6255A27F0529429b7b4,ubeswap_v2
0x8950B4902c3CFEE4Fd9E46Fb809F93d599e4eDbC,ubeswap_v2
0x897b995cf6d74CCCf69B4cd8582b2794Cef4B5Bc,ubeswap_v2
0x89Db7fc975916E6b983Abe7CFeA0E124b93498AE,ubeswap_v2
0x89c777CDA68f616cDdE5B253c70a464F72EB1720,ubeswap_v2
0x8A85B7aDCAd3745643E6FcE19368C872c182F87c,ubeswap_v2
0x8A865A8D7A2C6A05CDA813E397642F18E0E13918,ubeswap_v2
0x8C302C0141EB4A46899e26ABb8F535079A98c311,ubeswap_v2
0x8C65805547B07Cde78AA0196EE82637b7B6bBB2C,ubeswap_v2
0x8C89f7bB791d94E10EEd4Eb78D0E886C82D7A2e3,ubeswap_v2
0x8EB0ea8043c7059af2c20E81348aE0470F14E225,ubeswap_v2
0x8F81414a25A6DeeCd02737Ff2c39E8Bd404714cA,ubeswap_v2
0x8FB0Dc610a33eD99e797b891Ec97D0468f5d7394,ubeswap_v2
0x8a2800BFE7e37a997C6aBbcEBC1fAE46CD162A9C,ubeswap_v2
0x8bDF901f22C100d5f13eCd00709a48919DD28015,ubeswap_v2
0x8bcFd604C655f80ED71E13e2FAE1c152E4aabE08,ubeswap_v2
0x8c774d1E374c08BbDBD5515cd6B063d0e5Cc110A,ubeswap_v2
0x8c9c7E052Cb42b8Fd7CD20EdbeDD7046E0767eE1,ubeswap_v2
0x8d0a6AB12b5EFe82Cc15fEE1df2819b7bCc6C0A5,ubeswap_v2
0x8e19c2F2da35F7C0Ae34217642436a6be2CA188D,ubeswap_v2
0x8eBD6174Ad3a71258b54dE2139Bf0A5D04d924Bd,ubeswap_v2
0x8ee9075FAfBf22842465E27EAF708E4B9db8F2Da,ubeswap_v2
0x8f1359076542DF08B6c7eDB64bD2B4B8B989e74e,ubeswap_v2
0x90DEE86a8d7D354717230dD9a9c1dE995B744411,ubeswap_v2
0x90d18c1E3A50902f6e4d9a1DF26d877586D70895,ubeswap_v2
0x90e87DAF4B095B87BaD5d16FA22Cd27B23bAB3E1,ubeswap_v2
0x911923b25c6Ca2B916da8005F0554B365d7dDf33,ubeswap_v2
0x91F32f3E6EEa1a73f2942bC63f4faa0eEac191A8,ubeswap_v2
0x9220ac141699Ee5792279D99aBAbf09824dF3673,ubeswap_v2
0x9272388FDf2D6bFbA8b1Cdd99732A3D552a71346,ubeswap_v2
0x927bC3893388a00E5dFCD3da05f44b11d0926dB8,ubeswap_v2
0x92AA49900dD611fA5b1244d09b6bA11dd0ABdFbd,ubeswap_v2
0x92c3b3a372Ec33334a57bf9656E81AFD0fb8Ae47,ubeswap_v2
0x933Edf0E6aF45FdFb742E9eE78Dc1e7c82018755,ubeswap_v2
0x9393f9F399A55312635F6e1295502E7f0411b67A,ubeswap_v2
0x9462024e2CFcb82049b77BebE993EF01952E9697,ubeswap_v2
0x94DC20E792E006E57bC7da595294Afa66e89Ee6A,ubeswap_v2
0x950C6fB66c8623bb777E51155A0aFE1152AEaFB4,ubeswap_v2
0x9566991B6246Cf98df184272b97a1a40a93722De,ubeswap_v2
0x9603a11Bb065ea045252e78b0bD0b15FaF1cD71c,ubeswap_v2
0x96745235EFfF9387385991d818b14449156b3869,ubeswap_v2
0x970721967Dc49c9565cb19Ae92439dA87a94B288,ubeswap_v2
0x97645d9E95Af0f7A15C2100FE13E401dA2aF8B20,ubeswap_v2
0x978F8405e15E15cB5E714E60674d34551914e879,ubeswap_v2
0x980cC4fbF8c95D634eB17aC1849eBb0838d01895,ubeswap_v2
0x980f1cA15c6867756C13E9CeaB6f58e3f7c52C85,ubeswap_v2
0x987925141792FBfd9f24810Bc116BF2a0103DC65,ubeswap_v2
0x9887042Cd22BbF230203817cFC56a69D4Ab710c5,ubeswap_v2
0x98b88dD1a0187cEDffb94b983c10bDCaa62e652B,ubeswap_v2
0x99080F4b3811ef8C26eb222cc8A0f8f258C77033,ubeswap_v2
0x993B0d1A2C7EFF889F7e4dDC9a03b5085A2D1f27,ubeswap_v2
0x99507e804EE11d76e655682CB0f97A2FF7C8441D,ubeswap_v2
0x999AE8370c8F51198EdC87bC2ee131d34a747701,ubeswap_v2
0x999F2de619464FCE1A1085f902836aA52c09dBd7,ubeswap_v2
0x9BC8FA2ef45936770E28dCa471290F35EA6e5E5C,ubeswap_v2
0x9DB0712c28b5A850897f4dc0890087f43E802dB9,ubeswap_v2
0x9E1b81657591987b444358b6AB61C242F7011f49,ubeswap_v2
0x9F12a024b9F5cb978738Dd211B558874C07C0858,ubeswap_v2
0x9a23A61A8988fAA730A1Af09EaD45a993d7f5f3C,ubeswap_v2
0x9a8aF2fF8b4263518F15a5aa89063566F02937dB,ubeswap_v2
0x9b4Ebb6F5c879fAf4599a5cE21d338902B2b55BB,ubeswap_v2
0x9be16837f3E2932fc3492cAed06df54DfD3267aE,ubeswap_v2
0x9c3a9Aa5E9A79dc8EB9f06D51052788AB304ad17,ubeswap_v2
0x9c895B5edb4a07CDF16cD0e62356E757F4C11C52,ubeswap_v2
0x9c8d2dECC14392B83506e86D2ecB5cb4f7169366,ubeswap_v2
0x9ccB25Fb2FEaDC9bbAD531D371214Ae6D498066C,ubeswap_v2
0x9dE8895542963dBB626424d64B4bC8f6D6C2CCD7,ubeswap_v2
0x9f2EA683e8E1bd6420026BeB22E94268e6bBF5b8,ubeswap_v2
0x9f3574DAe1AeFfD65ef739e9F50e2B9dd8831056,ubeswap_v2
0x9f437509E61896738ea8CDb6cDeD618C0e509032,ubeswap_v2
0x9f7706a8A509208E5e2353E62439D6922F6483De,ubeswap_v2
0x9fDdEf056Ee75acd9DE9A1D15b90A2a164e2656D,ubeswap_v2
0xA00d987bD21Ef8ebc96E3A577B9b5852351b9520,ubeswap_v2
0xA06B4b674E006BAf1B7a6dC812332F386edCFe2B,ubeswap_v2
0xA079DE252Ae22013C683daDDfE418B8e43273c14,ubeswap_v2
0xA0BeF7ff637c10b9Ec67a00687B4d4364A7f1c55,ubeswap_v2
0xA1A1D29a7108a89b715a9277a2abCa3BA33C2180,ubeswap_v2
0xA298C5852e4ee7125a8985cf8486c50Cf6910bA5,ubeswap_v2
0xA303752e36a9D134b971a5C43f8B1d700707BE60,ubeswap_v2
0xA413103064E6Fb32744f39Cf3B9D16168ded7590,ubeswap_v2
0xA54aBaEf01D335C45d616Dc338bf1fC3E53B2568,ubeswap_v2
0xA7589f842469319d729afDb348E7c78540B0Bf9e,ubeswap_v2
0xA76F2cC65BEBfF670d7372E8bD38AD5587De82b3,ubeswap_v2
0xA7F14448C4B19bd25c78515Cf768dC50C8f1B83f,ubeswap_v2
0xA7bb3cBc67A80f8F1E45fE1832850F4B33980C29,ubeswap_v2
0xA86ea49D81b5D44f64E04ed37C95b7CA48a2EcF9,ubeswap_v2
0xA8f5a894F9fE2A5cEbeBFe954E96C7F6007B641A,ubeswap_v2
0xA9f879e3903b220e0D3F9bFD95232586A83ce2DC,ubeswap_v2
0xAC9EA9641C70cab33A3BA7bAa13331A2CB887b5E,ubeswap_v2
0xAD895e2460158B72E330dC65F2C66723b3c21Afb,ubeswap_v2
0xAE5b0602309B751AC1f7a224578402B1CABD33A4,ubeswap_v2
0xAFdd1D94D72E07ae1a6fc33dE49CDE43B8d4d612,ubeswap_v2
0xAe0Af8BF7E66f437d06E9cAB39e9B0F14fCcee44,ubeswap_v2
0xAe3eAb737836999BF4B17B675d763Ac27b260c7f,ubeswap_v2
0xB08D69f18a94e08534Ffd3A6D06372B1823dFc47,ubeswap_v2
0xB0DA4272F4c8abF9FFe8b99B00155ad29a027B4F,ubeswap_v2
0xB16e3fA5C55E8239e187aAbE2610ceB23a991340,ubeswap_v2
0xB18F5187cFDAcF1EDaF4f7B4E144a7867AaEcF04,ubeswap_v2
0xB2FCC45E0A3b069Bd55B8b65bCc88364e8255Db6,ubeswap_v2
0xB3D4cD78d744D02A1fD0D033021dB2574f6EA9AD,ubeswap_v2
0xB51BE9e489BF60dEE32225d55507a21464f8d049,ubeswap_v2
0xB54d062189F99133F018D46D64020a372C4912F9,ubeswap_v2
0xB57236d97e12BD7deE792e5a1BDaba550BaD6Cb0,ubeswap_v2
0xB67c12c996a856C55dB4B30e31DB84777c892B07,ubeswap_v2
0xB6F0D1082bA20F3260b4Bf4F9C1646540b11242E,ubeswap_v2
0xB715157F6C16Dd6523973c944F79aE4173DfebFe,ubeswap_v2
0xB8145Ac0D9625BB191489a021dF6d6cee7Eb9983,ubeswap_v2
0xB97E0fA1E32e7cC5b137226ea6eE905626b9E16f,ubeswap_v2
0xBB35dbe94adF373FA0252958dA4128144F7A3D61,ubeswap_v2
0xBC3F47645f458B212c0117a90e550aB72f0877Fc,ubeswap_v2
0xBa05434727659a82CC796aF5D4501CBF92f23602,ubeswap_v2
0xBbDbD057798Fa0B4592E52c55c3a7b4A8B7545A6,ubeswap_v2
0xBd0646bDC070B9B9C20b223F1aa86641E4535D54,ubeswap_v2
0xBdFC22680b72f0B127d70988FeB4B1a68C0b99Eb,ubeswap_v2
0xBeDcE83D9A5a942f5e8524840BA1B457Ad5a7aa3,ubeswap_v2
0xBebc0A32745E063a8DF1F8F5974e947E911c69a3,ubeswap_v2
0xC05493f50fbA25cB12eaABd38f0D45d286d7f7eE,ubeswap_v2
0xC0864bec4E878371D2BfB1E92928e30A2FE91cF1,ubeswap_v2
0xC11EC0F24e99a9e435dC480Dd80981d80EB26223,ubeswap_v2
0xC1556c855DC944070b5Fde3e244EfBc8415Bfb68,ubeswap_v2
0xC2Fd7BD1C2A86b57F8dA0837D32AA9ca86Cc1d6b,ubeswap_v2
0xC350F5274979daAcB3fefeFF15eCe136C03aA193,ubeswap_v2
0xC49bC153f3B1d2dD31b4b46FE405B2d5dC20c4b3,ubeswap_v2
0xC4d1c16F6823868eEB1fFa38bcf72508e96A6533,ubeswap_v2
0xC6F0C2E26A062351DE5cAE1Bfd3BC27316AAfC79,ubeswap_v2
0xC7Dbcf3bCB3d8b9D836d9348195df42180798d35,ubeswap_v2
0xC7e65b3b5BE244aFcc9b7E15C55A3fe3bfE89cAa,ubeswap_v2
0xC7e9418e0F9B211885457eD3429Bde9E4e830E0E,ubeswap_v2
0xC800bc46411216B95C77C6319b4b940c2C7F4c8a,ubeswap_v2
0xC88f10D2db5994Bf299951bA52286EF5AB702614,ubeswap_v2
0xC913cAEe37a23289B8604Fb164C53189521edE23,ubeswap_v2
0xC9d2566A5da0bB7908D5C29c276b848aefB4BB1B,ubeswap_v2
0xCAd995e820F2DD252c3eAA067c967FE2BBA05B1E,ubeswap_v2
0xCD1D049abdff6d1781d419cA7A897C389F2440E5,ubeswap_v2
0xCaD5b8613E9fCEEaf5A55892DD2E4Db576fda865,ubeswap_v2
0xCb449f10955C87a9447d8E5340c1b68978cD653d,ubeswap_v2
0xCb6D7a60f77c758957E34cdC146d8BF32f221a49,ubeswap_v2
0xCc66a4BF6166eF4dd084e2D2424A09b68Ac6e4E4,ubeswap_v2
0xCc6AB59E131a6B699B5A2A456E562b46cab8Aa04,ubeswap_v2
0xCca8a4399df6E176aaB6e5091c5DeeEAD2cd6AfE,ubeswap_v2
0xCd19ab14Be7a8E9Cdcc0617099c483b0146B870C,ubeswap_v2
0xCdFE9be8Ae17Fb9269668b49b1f57eb26D0fCc87,ubeswap_v2
0xCe141691Fb7A6e7D7a74aBEdA5F76723e2c6C5fc,ubeswap_v2
0xCe3075e1c7E4Ab125B9967FBd76e46e61d422d2E,ubeswap_v2
0xCe52c82A421b93ba6f6C01f2e63dE79d3528d624,ubeswap_v2
0xCea0B9040886fB8E2c2C85CeA751c99f5581a9bB,ubeswap_v2
0xD0b03688B8862E346B9C3fa43872688614B0309D,ubeswap_v2
0xD10faD5D13E36dEa5247E770e1190e176D8716a4,ubeswap_v2
0xD22d02F2Ee8439A48E8369fC4d58aAd399440850,ubeswap_v2
0xD2418eBeE9075cb626D1E50cF8cEFDF78fF292E2,ubeswap_v2
0xD3b66df64F3a903DedD4FF52D196AF97C0686fB2,ubeswap_v2
0xD4EaE30aE0421f1fd462AE0e7db17461B6acBDEb,ubeswap_v2
0xD4fAD4fDeC4c6b1FFFf1D7Dc0C39a51aBEfC16D0,ubeswap_v2
0xD502eB0d7F65A0870f0fA1fB074a52138cE59Ed5,ubeswap_v2
0xD592d69c9400Ef39432cB529B63FbA03D912bc71,ubeswap_v2
0xD69361dE800E4d8DF92740e09d4FFAAd0aDC7c20,ubeswap_v2
0xD6D4ad2177ab89e218BF31EA7CCc2f7Dc0fFa362,ubeswap_v2
0xD6d984A88D11BA771Cdb1dAdF10665576F63C3DB,ubeswap_v2
0xD70Af7547923Ee833281242B0B95D41E70c1B5Dd,ubeswap_v2
0xD7129e86c5090041631749CAC07b9F09e51ab0f1,ubeswap_v2
0xD7D8cd4cB1CA760A24f6f372c395Ca87150eC882,ubeswap_v2
0xD80E01cA8eb4AAae19f03b8603366A2CA94e43de,ubeswap_v2
0xD86b44f29f60788D977257dcE57AE3E585F5F28C,ubeswap_v2
0xD8bd4bA34C307b547b21A3b7eA0B29fB5152B74D,ubeswap_v2
0xDAD693570e581c4982C1A2f48776d1E30405B17e,ubeswap_v2
0xDDcdA2bBdCA0c0958A7C84C499458C8E1D8Ec30E,ubeswap_v2
0xDc2d1d91BC41A5C714C95A3e00Bc262b8D2a6cD6,ubeswap_v2
0xDd6EB712D21c5EF4983c628C82917f473a2A1e28,ubeswap_v2
0xDff5160Ac17aff85b7061EA0C6DaFf3D29500066,ubeswap_v2
0xE0144e2eaF28b9807a15d0DEd04430F29d7B253b,ubeswap_v2
0xE081E2FD9B2e1ae939239b601946564aDC9E7541,ubeswap_v2
0xE0d542aEE61FFf6B3A86E6aF8CE7B7dAE3F97331,ubeswap_v2
0xE0e0B5A4f88D96d545c6395CADD54abBDDDB7cd0,ubeswap_v2
0xE1537693e02394Ca049299Bd9F9EEEF3821E57Da,ubeswap_v2
0xE225Bd7D8a1E55764A5Ee3349D9e723f76630576,ubeswap_v2
0xE271C1f6db908ED5FA7661344B095b4C996D3199,ubeswap_v2
0xE2d9F24abCbA83c3A8Dc361165A5c46aDF918bE3,ubeswap_v2
0xE5198586E5D29B2Ff51FbDF70a196475fA7eA038,ubeswap_v2
0xE5896365D69B73Ddfd69594128F25F71c9Ea3C7b,ubeswap_v2
0xE642dCaDcf81e18897A595739C4348dbB567d8F0,ubeswap_v2
0xE7429e2f3EeC8235f55303250586fB8648F77199,ubeswap_v2
0xE7cC82Be4BFD3D127E6034A68831C0e381123319,ubeswap_v2
0xE8228e9a3C920b190203FdCD04F984553ec9B393,ubeswap_v2
0xE8792dB848bd38b2EC2b7AA26B2419a0673e5250,ubeswap_v2
0xE8E255F8905f22107963Aed5880D80b7467Bd52E,ubeswap_v2
0xE8f4c42606C03CE5aDA226B7b1cc55bb61d10c3c,ubeswap_v2
0xE93f9A9D33723512d487C76437d77D530184a8f3,ubeswap_v2
0xE9fad0c96716e508DC3ce7Bf0dE5f4122C417e80,ubeswap_v2
0xEC3741Fb21352af9251f5232B929A0C3150e577C,ubeswap_v2
0xED7De6CCe8B68c0FE2EA512C579B69F8390aeFbe,ubeswap_v2
0xEEa9fa635891DdEABC038C93982D0A94296cA122,ubeswap_v2
0xEF90cd7a06Cd80b2bcc8C3dB675A08E6Dd6D5d59,ubeswap_v2
0xEF921D5C41C53507886774e558A4B8ad6f3b0451,ubeswap_v2
0xEa6fE86DdF41B0b75816BB69dc6a9e40Bc0D79F2,ubeswap_v2
0xEc0737BFD4fb254D821409811130a544b0807Ee4,ubeswap_v2
0xEc5c9c99aD30aDF396aC4B48FBA09dC34819C65a,ubeswap_v2
0xEcc0b72D9286273472b97FF37851EB341b7D3706,ubeswap_v2
0xF0132Ab950c628D8242476F03c985fD490A5bA67,ubeswap_v2
0xF0dBc1EA808F327546b9ec5429E6E1D889cd1dd2,ubeswap_v2
0xF101cfF39D9644694EC7CC1fe1ecF51bbAE8c1fb,ubeswap_v2
0xF105Df1aCdd02C10818C1F61DE64D0b65d161F5B,ubeswap_v2
0xF12b5FE3980D7B630F6F098Be79460B0964D2b44,ubeswap_v2
0xF31aF9eBf8308D522C06279dF7bff00B47571854,ubeswap_v2
0xF34ab7B35232A53a32aa02d453306588c14881b1,ubeswap_v2
0xF39688cc8Fcd0B4765bF69e58598Ef880BF72A60,ubeswap_v2
0xF41d350e99957Fc83FDFfe3E026918cdabcbFAA4,ubeswap_v2
0xF4d3D1739EcEC389d08aC4320201C26005Aa918A,ubeswap_v2
0xF5233e799BD183E5712ffB76A2826DA430eA76F7,ubeswap_v2
0xF795003b7b405F354E28613A607DFd32CBFcd2C0,ubeswap_v2
0xF94fEA0C87D2b357DC72b743b45A8cB682b0716E,ubeswap_v2
0xF97E6168283e38FC42725082FC63b47B6cD16B18,ubeswap_v2
0xF9C84ce264C6d4C1AaF482a0138843D1AC67a9A1,ubeswap_v2
0xF9d694BF1CF96347D50f01694D2DB29d350CB0b9,ubeswap_v2
0xFA8CDCFdEBe96DaB44188060F59Ad00A1fe67439,ubeswap_v2
0xFB4157a258394c349eb44174132b048E82833904,ubeswap_v2
0xFBE98970F7E3f99634A8F35B86107ADf7206F948,ubeswap_v2
0xFC0b5DbF1d99bb6CC6DB08D1a789EaCBA8D12412,ubeswap_v2
0xFDC0e647217c354D009C41ce8Eb0de86162dBC63,ubeswap_v2
0xFa340bed8428Cd4b1E9D334792623DFe52DBD85B,ubeswap_v2
0xFc746384c643d773F0f5dd9C775c11258491c784,ubeswap_v2
0xFcA07d97795E78a3eb8b1d7e1DD57f0ef17c22d7,ubeswap_v2
0xFcc9b59810926B667B4E4acde3cc9e9f5B43B71E,ubeswap_v2
0xFd14c51729d9fcd9C1C9071c53d9B419dBee6b65,ubeswap_v2
0xFd99b31177F6954d91C6587ed91D47a892bCEac2,ubeswap_v2
0xFeC88c0c81aD0490Ac15c694750Bde4512F8b6e9,ubeswap_v2
0xFf575c3cf40ab4a0634ae94C42408A2B2e5117e7,ubeswap_v2
0xFf58607B98b986ff06D4C5a5E77e9881E610DD8c,ubeswap_v2
0xFfe7989Aeb05f41D4579Ec267015F17dE66b08f7,ubeswap_v2
0xa02Cf601F5E6e8E0ce242e4a8Ded98F7685074c0,ubeswap_v2
0xa05213c4f78246c61564888da63f4b071739B9dB,ubeswap_v2
0xa121608BA08c6b1EB61924e4e4c0A983c13F75D4,ubeswap_v2
0xa14c043eE8ea6FE9624A67FB84b7224428944f5e,ubeswap_v2
0xa244689FDE4422A3C4900931EA64B24d50c7f8B0,ubeswap_v2
0xa2614F97f1B172cfFa91b4152Cfd83f95c2d0569,ubeswap_v2
0xa283C25099fA18A26dB61083D30730cEdBa9bE52,ubeswap_v2
0xa2e63c3b9D027270Ff5892A552aaac50515ee61D,ubeswap_v2
0xa2fBc648410610Eb643a1b45f651221870f7bB4D,ubeswap_v2
0xa353d8535e73E2cF829961b2d8895754faD6113a,ubeswap_v2
0xa4B657D2a27c28Ee314B919b98426f51547E4008,ubeswap_v2
0xa65898acfaCEddC2537EfA44ACa6552b976D620B,ubeswap_v2
0xa6CF9D689C7a401F53943b5C23266EeE8812FCb5,ubeswap_v2
0xa72C7741b061F96391531DCECd9Ab4442f72403b,ubeswap_v2
0xa7ddFf41A61ce8EFC5A985e219D577Eb7E7B9d60,ubeswap_v2
0xa813Bb1DF70128d629F1A41830578fA616dAEeEc,ubeswap_v2
0xa8E0a0226DBC6B5e462d576E919f8d64d2947222,ubeswap_v2
0xa953D0C32D3Bd2B06e89CBf1D68F9A1b032F2C27,ubeswap_v2
0xa966E30aF0dF1A3254C2f1Fc2ba6651684217933,ubeswap_v2
0xa9b4755A702fe0071d84a42Ba3D3a8D022428F36,ubeswap_v2
0xaA0f1A80a1f7dc052D8028cC31f6993F72b101d7,ubeswap_v2
0xaA2cD92f13c5bA72291b3fDa9D0D860Aa48A514a,ubeswap_v2
0xaC7b7C5eE89167DFe175A9C1A11D0F6048a96253,ubeswap_v2
0xaD18f709EEf17D1899F7430f18b4CA14D8ae1853,ubeswap_v2
0xaE9A62F50171B3E1C4b3345D3638764Ecf1A78a6,ubeswap_v2
0xaa8e6Bd13e386E5c50F3e00914a7dC03443b52e9,ubeswap_v2
0xaab97F79A1d4f74D4066fc5C0c45D619aa53A025,ubeswap_v2
0xab2514fb4d7bED73BC5059aFdf3872295Eb436b0,ubeswap_v2
0xac1596Ee5E53187f44593073E2bbaf0C7CA399Cb,ubeswap_v2
0xac7dF2260FEbf3558c966c16B70833B791ef7544,ubeswap_v2
0xac9ab918A0F36C1Ff53f14E9CB49F81bE01b88F7,ubeswap_v2
0xacF2DBe822A5a08179c0fba26053FCffc4F63e37,ubeswap_v2
0xaeD086cd3f714623b52Da05EF3fC2E944010a0D4,ubeswap_v2
0xaeb91E89daBF34C1B8aa5A912C7Ba4df1948ff56,ubeswap_v2
0xb01049763CF2584aedd0601Fc3509DDB97a5cE3f,ubeswap_v2
0xb03Fdc149ac3703947B8361324E0e72d03Dcdf8a,ubeswap_v2
0xb0Ca8eeD89F0680A1B3c7Cc38141d1E215d4466c,ubeswap_v2
0xb10585f7cd9F954f23242dbF7Ba85B248e7d0f1C,ubeswap_v2
0xb1C17934450f31C3Dfca433f2068c8f7B7575677,ubeswap_v2
0xb28B37584F681418Af2B5fa9b57CB17d79d6233A,ubeswap_v2
0xb28BBe67247522D77Aea391e027987e3AB62499c,ubeswap_v2
0xb2d2dADa3C9699692CcC483c01Ca52472a2b1619,ubeswap_v2
0xb3db611E4Ac2ce719e31D58c5EA006D92aFAc832,ubeswap_v2
0xb41Aae43E6ac45C8e6CE7cbB4979329E2E73eD8F,ubeswap_v2
0xb460F9Ae1fEa4f77107146C1960bb1C978118816,ubeswap_v2
0xb5108b01280f994e67dc8BC3cd1E2433FA3A1B41,ubeswap_v2
0xb5dCECcF3f7CaB7c1D3b5269035497b0fD86b3c9,ubeswap_v2
0xb62DadAc73aBaba82305EeD1B985db8a5e0109Dc,ubeswap_v2
0xb6858fcdA462Ca1aCF306e4f70cD42C261a86Ac1,ubeswap_v2
0xb84ECe72E1f078bE78431104439E11Df7E2977fC,ubeswap_v2
0xb88199d2fA11deb19E9BcD335741aA272AF80384,ubeswap_v2
0xb884cAe3d86a353d7A36600Db01059aF88590b23,ubeswap_v2
0xb98824d102D591f8A7b359a1D0d480A0e84Bf72A,ubeswap_v2
0xb9e266dc058eFdcc6b8eE79D69a399eEA93e5D3e,ubeswap_v2
0xbB766265C248adc6FCB795CA3813B47ABe7c6Fbc,ubeswap_v2
0xbBdBe347dF3cf8e0bD2E75bBfe4deaF0352f0f46,ubeswap_v2
0xbD14861c3569E861F6E24A6196cdcb3075dfC45E,ubeswap_v2
0xbE11fE84B4c729c25fF642b303fFA09f13d5C25B,ubeswap_v2
0xbE78b530859f6572E95c1c8D2DF9484a33a2506e,ubeswap_v2
0xbFa9A4bAF2bE589f8A94115dCdd26e5fAad5B8cc,ubeswap_v2
0xbc46DF4D0241C32F7D2Bc7b1561Fa7617CaD91B3,ubeswap_v2
0xbeD9bbB262d44befB7Bb9010856D02944e0c6D53,ubeswap_v2
0xc02828D5dc622833251D33D833200a8B2eeaC33F,ubeswap_v2
0xc0E1D7CAb3309f43581Ad5dF53F095B014ae3d77,ubeswap_v2
0xc1Fcfd233BD6d4e291Eda75868f9e77f67B800Ea,ubeswap_v2
0xc3E585C48541811fF4eD1cBDd3c68aB86a9c632e,ubeswap_v2
0xc5b530C5d36c34966A3A667Bed6D71D958B484aB,ubeswap_v2
0xc67d2557aDAdCbA1FCaa546DB146001e7624e5d3,ubeswap_v2
0xc7296509d34D2aC9C713823515a5af76dDF6b952,ubeswap_v2
0xc7DE8Dc6267C5C5aFA3c96F35eDfcbe479B46e9e,ubeswap_v2
0xcB7D2c463ECa429E1afF19bd9200591040E312F0,ubeswap_v2
0xcCc638bC5F723D293439A32238799fEE54FDa395,ubeswap_v2
0xcE4d19ac1AFFFE8435BB77a14AE52aAB9341Cc7a,ubeswap_v2
0xcEeA30C2773CEAaFA656fE6a1Ea71f2eb413c491,ubeswap_v2
0xcF183f659FF4F1742a6C916b49050B4DB78b2273,ubeswap_v2
0xca6f770302bCf1846FA579ebdEf2Cc21cD5eFaa2,ubeswap_v2
0xcc625BAa27335eA9537B2caD61246c586D0d635A,ubeswap_v2
0xcc90d7b497eC7D3a0C086D1B804BbA8A4a8e747C,ubeswap_v2
0xd009E09989CBe60C7C1044422BEaa8089585CBd4,ubeswap_v2
0xd0364aFE4Eaf9F4C749F0577ef5221b0EDbe355d,ubeswap_v2
0xd08AAE8043E76f4faaE997Fd2ef6fe2210488564,ubeswap_v2
0xd0Ad5957BA831a1225AeAF4181fb242a52158BA7,ubeswap_v2
0xd13463277EC2B701f57aeD9CcffDCD83158E05CC,ubeswap_v2
0xd312125D7Fc46398B036c6f281C9b69A650CDC84,ubeswap_v2
0xd39893e1C8384Cc02718e58dd5f88e4DCF36AaC2,ubeswap_v2
0xd45cD450Cb3eE232261d20A15565ABD2350546D6,ubeswap_v2
0xd556BC156D78fe17689d6c5144e6f8078Ee31523,ubeswap_v2
0xd56FB0A18f7b0077d76d148e567f311Ad7935E9f,ubeswap_v2
0xd5A10Cb4276dE335f8ca1F5d7DbC4cfd56b035C9,ubeswap_v2
0xd6543bE94EF3624b06Bd21CDa559f3F5C57D7De5,ubeswap_v2
0xd6CE14CAe8962a631BFFB7db3bAB0005bC636ABD,ubeswap_v2
0xd76eee106e10dcbF8b24D319e785a211D29BB8B1,ubeswap_v2
0xd8A1925975F7215ae734aC484Ddb974FF442cAe7,ubeswap_v2
0xd9f6b2aF29bD80cb1424b153DDa5E81abeF986aE,ubeswap_v2
0xdA6761926eD9acBCa0D9e49E64388aDfBBadcAc9,ubeswap_v2
0xdAa17d7AA454Ad87335B0116094856d01151effD,ubeswap_v2
0xdD947983A29A297C29E44d02e854351904D1Cf99,ubeswap_v2
0xdE609bDAB5136D415FcAefD06c93E83CcB0a6D82,ubeswap_v2
0xda36A59Ea2D8e5A4dE21Fb153b8dEd5a62BAd9D1,ubeswap_v2
0xda3A1aB4F74DA12dC7F8e98ECf51f93940560d30,ubeswap_v2
0xdab491d4797D4A16744ed7a66aBe78Dd5686900C,ubeswap_v2
0xdbA097967dB3DeAF5DC4A00F84E7F63Fa476BC08,ubeswap_v2
0xde23a53e6c6b64dca80E4ff9CC1BB6D1038513d8,ubeswap_v2
0xdeEdE11C0439Bb1f6bA1904aA3deF42C8aB15eF8,ubeswap_v2
0xe0e631CFC656C5653B37a82B737D17052B7b0EA1,ubeswap_v2
0xe1959D10DadCD4cDD827cb40688de38cB72237ec,ubeswap_v2
0xe1D56A6d68CBF4bD7111c57459e86B64990Ddd8C,ubeswap_v2
0xe2113E7DF59B4cB765c805F7dCa1b58cEb898ca0,ubeswap_v2
0xe37EFCD3188cb9b6801009466aED2Dc9BBa19C0F,ubeswap_v2
0xe46fcCB1aD13153490537DefA41d9f9927479500,ubeswap_v2
0xe5EFBF323ECbc153546dEA64948cF6159aB282C8,ubeswap_v2
0xe629FD3Ba9C8860CF870f752B00c39Df1037f750,ubeswap_v2
0xe6532E7BBB4CdCF6265E4D5c6860f1f31750F067,ubeswap_v2
0xe7B5AD135fa22678F426A381C7748f6A5f2c9E6C,ubeswap_v2
0xe81E989Deea15646c9305053B6aDBE13b1446D71,ubeswap_v2
0xe852915873ce5Cb61DF6478Bc5D6BAe1ec9190c3,ubeswap_v2
0xe86B220DBbAeE12F4888eD2647E7C0E50830B055,ubeswap_v2
0xe8E54bDeF0696F5019a966E57A79caF427C3Fb8f,ubeswap_v2
0xe8b11482AF78DEc5C487DcC7c78B666BAc1B587A,ubeswap_v2
0xe9878CC8B1f7AaC97C384d3A03B00f92c1Ebce94,ubeswap_v2
0xe9F33de0FEaA26772401a6815E471A6948ef87B3,ubeswap_v2
0xeAe110aDe63eA0721Af4AC6b834578540bb35D3b,ubeswap_v2
0xeB313CE48140F7AC09f3bd418722A988dE5158F3,ubeswap_v2
0xeC4B617A343B52566A74A8CD24e29fAFc3BC2C64,ubeswap_v2
0xeCB05a991AfcDFf33CF9f1d4dfcb205C499E7e27,ubeswap_v2
0xeE6a24056026C67449227bA6C1ab86d7f09831Cb,ubeswap_v2
0xeEac082b85dfFAcf98cE178B9ec922F1b9FB3ddd,ubeswap_v2
0xeF5da498744cdbc9351aC7f9ab2cFc68731F00Ca,ubeswap_v2
0xeFb58b89a3a6fafEc8633dEb10D5e8e5223C11e6,ubeswap_v2
0xea99812063D07404C0B87Ab7fD422a5675aba1Ad,ubeswap_v2
0xeccFA540139502F3EBFE79cA7028272157EEDCbf,ubeswap_v2
0xed8f3e18cb8661ccee47175412fAe8336116bda8,ubeswap_v2
0xf0C07E026ACDAE81B409590067584394e98b591C,ubeswap_v2
0xf1281273C7261240304A3062378c7B91B74b6134,ubeswap_v2
0xf270bae9Cf1490a21e037bE16C1ef188b1BF5f5E,ubeswap_v2
0xf35E9cA7AD819A748F678C6Bd23A4987287C713C,ubeswap_v2
0xf4A58700304C86C829063Cd3361815f084242635,ubeswap_v2
0xf5b1BC6C9c180b64F5711567b1d6a51A350f8422,ubeswap_v2
0xf683db6E60b3F5ACF5278984d94A12Da6777A0dF,ubeswap_v2
0xf69E376126F5EAD7aBFA5A4A0351C18fEfff8b94,ubeswap_v2
0xf6a879BF74C2Adc1c88B222b799B042F2fFc394B,ubeswap_v2
0xf6e92A4fcF7664154De507c43f2eEf5ace6411b9,ubeswap_v2
0xf718283E19935f01d214AbE5D05bb2992d87f79C,ubeswap_v2
0xf7FCA8661A29c702c24F146AB37f7b26f53eC786,ubeswap_v2
0xf89A15c9854F8E0eBf14827eE87f750e14BbFf63,ubeswap_v2
0xf8E3891a38016dE2E6Ed5Fcc433Ca2BDB5e8f90c,ubeswap_v2
0xf8F5E93ad2F6de1Fb92E737D3AEefB6fF4CAe3F4,ubeswap_v2
0xfA6CD2a36d3f76F5b183e4D496044A6EA61e00F5,ubeswap_v2
0xfD0026daC638e0be01699571FBCef06533f19E86,ubeswap_v2
0xfDA6de08f719Bcc0600064F40C66B8998aD56B27,ubeswap_v2
0xfE1D0d9c4d4DC0D03f7B5ecE4b08660F46053947,ubeswap_v2
0xfF7Ea2cC0C214c142E7b7132af86291324850015,ubeswap_v2
0xfd1D83BE1C1892eb00F87B35bc8d615C59cFF266,ubeswap_v2
0xfdF1df3D2D836682D386586900c967479e24c823,ubeswap_v2
0xfdd955fcb0BF50C4E1F466Fa84D0C4482B864611,ubeswap_v2
0xfe801495eaAc62257a1258652a3e3c923B61C45d,ubeswap_v2
0xfead3c20ae6CA16b40F0079eCEE8407E3e04c58D,ubeswap_v2
0xff09693AFC9e62fD8262AEB520b635f8aEB86754,ubeswap_v2
0xff3e4E3Dcb8428510C52042687d90281B3CC0D2C,ubeswap_v2
0xff4AA942966297CC5dC3a5439af68FD9Bd1FcC1f,ubeswap_v2
