cid,strategy_id,last_updated,last_updated_block,descr,pair_name,exchange_name,fee,fee_float,address,anchor,tkn0_address,tkn1_address,tkn0_decimals,tkn1_decimals,exchange_id,tkn0_symbol,tkn1_symbol,timestamp,tkn0_balance,tkn1_balance,liquidity,sqrt_price_q96,tick,tick_spacing,exchange,pool_type,tkn0_weight,tkn1_weight,tkn2_address,tkn2_decimals,tkn2_symbol,tkn2_balance,tkn2_weight,tkn3_address,tkn3_decimals,tkn3_symbol,tkn3_balance,tkn3_weight,tkn4_address,tkn4_decimals,tkn4_symbol,tkn4_balance,tkn4_weight,tkn5_address,tkn5_decimals,tkn5_symbol,tkn5_balance,tkn5_weight,tkn6_address,tkn6_decimals,tkn6_symbol,tkn6_balance,tkn6_weight,tkn7_address,tkn7_decimals,tkn7_symbol,tkn7_balance,tkn7_weight
0x8D5261cFF8d63E71C772574EbA63E64E6726EE06,0,,79364597,dragonswap 0xB75D0B03c06A926e488e2659DF1A861F860bD3d1/0xE30feDd158A2e3b13e9badaeABaFc5516e95e8C7,0xB75D0B03c06A926e488e2659DF1A861F860bD3d1/0xE30feDd158A2e3b13e9badaeABaFc5516e95e8C7,dragonswap,0.003,0.003,0x8D5261cFF8d63E71C772574EbA63E64E6726EE06,,0xB75D0B03c06A926e488e2659DF1A861F860bD3d1,0xE30feDd158A2e3b13e9badaeABaFc5516e95e8C7,6,18,3,USDT,WSEI,0,0,0,,,,,dragonswap,,,,,,,,,,,,,,,,,,,,,,,,,,,,,,,,,
0xC75C669a62A7eCe0C8d37904b747970467432ad3,0,,79364615,dragonswap 0x3894085Ef7Ff0f0aeDf52E2A2704928d1Ec074F1/0xE30feDd158A2e3b13e9badaeABaFc5516e95e8C7,0x3894085Ef7Ff0f0aeDf52E2A2704928d1Ec074F1/0xE30feDd158A2e3b13e9badaeABaFc5516e95e8C7,dragonswap,0.003,0.003,0xC75C669a62A7eCe0C8d37904b747970467432ad3,,0x3894085Ef7Ff0f0aeDf52E2A2704928d1Ec074F1,0xE30feDd158A2e3b13e9badaeABaFc5516e95e8C7,6,18,3,USDC,WSEI,0,0,0,,,,,dragonswap,,,,,,,,,,,,,,,,,,,,,,,,,,,,,,,,,
0xfF64743312fCf27C6A4eF450C821a98e9e62d945,0,,79478778,dragonswap 0x3894085Ef7Ff0f0aeDf52E2A2704928d1Ec074F1/0xB75D0B03c06A926e488e2659DF1A861F860bD3d1,0x3894085Ef7Ff0f0aeDf52E2A2704928d1Ec074F1/0xB75D0B03c06A926e488e2659DF1A861F860bD3d1,dragonswap,0.003,0.003,0xfF64743312fCf27C6A4eF450C821a98e9e62d945,,0x3894085Ef7Ff0f0aeDf52E2A2704928d1Ec074F1,0xB75D0B03c06A926e488e2659DF1A861F860bD3d1,6,6,3,USDC,USDT,0,0,0,,,,,dragonswap,,,,,,,,,,,,,,,,,,,,,,,,,,,,,,,,,
0x8Ba502d9243fa5E44678044098Be9782cEbaFdA5,0,,79566979,dragonswap 0x5f0E07dFeE5832Faa00c63F2D33A0D79150E8598/0xE30feDd158A2e3b13e9badaeABaFc5516e95e8C7,0x5f0E07dFeE5832Faa00c63F2D33A0D79150E8598/0xE30feDd158A2e3b13e9badaeABaFc5516e95e8C7,dragonswap,0.003,0.003,0x8Ba502d9243fa5E44678044098Be9782cEbaFdA5,,0x5f0E07dFeE5832Faa00c63F2D33A0D79150E8598,0xE30feDd158A2e3b13e9badaeABaFc5516e95e8C7,6,18,3,SEIYAN,WSEI,0,0,0,,,,,dragonswap,,,,,,,,,,,,,,,,,,,,,,,,,,,,,,,,,
0xd1B2e1dDe84d621D5b2Fe589A68Fc9e412d9C94A,0,,79576837,dragonswap 0x263090D507377F47E944C4dA0d4Ed2EEbeCF59dd/0xE30feDd158A2e3b13e9badaeABaFc5516e95e8C7,0x263090D507377F47E944C4dA0d4Ed2EEbeCF59dd/0xE30feDd158A2e3b13e9badaeABaFc5516e95e8C7,dragonswap,0.003,0.003,0xd1B2e1dDe84d621D5b2Fe589A68Fc9e412d9C94A,,0x263090D507377F47E944C4dA0d4Ed2EEbeCF59dd,0xE30feDd158A2e3b13e9badaeABaFc5516e95e8C7,18,18,3,SeilorV2,WSEI,0,0,0,,,,,dragonswap,,,,,,,,,,,,,,,,,,,,,,,,,,,,,,,,,
0x51752d6f4F9191c819c1e4c4C395196Ac35d3304,0,,79578843,dragonswap 0x17fe1101aF2dAB1aF0317d1ad1BD66cD06Da4B5c/0xE30feDd158A2e3b13e9badaeABaFc5516e95e8C7,0x17fe1101aF2dAB1aF0317d1ad1BD66cD06Da4B5c/0xE30feDd158A2e3b13e9badaeABaFc5516e95e8C7,dragonswap,0.003,0.003,0x51752d6f4F9191c819c1e4c4C395196Ac35d3304,,0x17fe1101aF2dAB1aF0317d1ad1BD66cD06Da4B5c,0xE30feDd158A2e3b13e9badaeABaFc5516e95e8C7,18,18,3,SEIPEPE,WSEI,0,0,0,,,,,dragonswap,,,,,,,,,,,,,,,,,,,,,,,,,,,,,,,,,
0x5b0d8a51b2b90cc07F9139dDb40c6De36BFE8387,0,,79588244,dragonswap 0x47b676E7eBCE3b1961658334D4E09E23c87e787E/0xE30feDd158A2e3b13e9badaeABaFc5516e95e8C7,0x47b676E7eBCE3b1961658334D4E09E23c87e787E/0xE30feDd158A2e3b13e9badaeABaFc5516e95e8C7,dragonswap,0.003,0.003,0x5b0d8a51b2b90cc07F9139dDb40c6De36BFE8387,,0x47b676E7eBCE3b1961658334D4E09E23c87e787E,0xE30feDd158A2e3b13e9badaeABaFc5516e95e8C7,18,18,3,ROCKET,WSEI,0,0,0,,,,,dragonswap,,,,,,,,,,,,,,,,,,,,,,,,,,,,,,,,,
0xe7FEf2854AC5B89f116D1d8E93AD8506d85d8f31,0,,79588382,dragonswap 0x5Cf6826140C1C56Ff49C808A1A75407Cd1DF9423/0xE30feDd158A2e3b13e9badaeABaFc5516e95e8C7,0x5Cf6826140C1C56Ff49C808A1A75407Cd1DF9423/0xE30feDd158A2e3b13e9badaeABaFc5516e95e8C7,dragonswap,0.003,0.003,0xe7FEf2854AC5B89f116D1d8E93AD8506d85d8f31,,0x5Cf6826140C1C56Ff49C808A1A75407Cd1DF9423,0xE30feDd158A2e3b13e9badaeABaFc5516e95e8C7,6,18,3,iSEI,WSEI,0,0,0,,,,,dragonswap,,,,,,,,,,,,,,,,,,,,,,,,,,,,,,,,,
0xA2AeE4f82023c6614f3ab40041c3B434FF97B439,0,,79591456,dragonswap 0xC18b6a15FB0ceaf5eb18696EeFCb5bc7b9107149/0xE30feDd158A2e3b13e9badaeABaFc5516e95e8C7,0xC18b6a15FB0ceaf5eb18696EeFCb5bc7b9107149/0xE30feDd158A2e3b13e9badaeABaFc5516e95e8C7,dragonswap,0.003,0.003,0xA2AeE4f82023c6614f3ab40041c3B434FF97B439,,0xC18b6a15FB0ceaf5eb18696EeFCb5bc7b9107149,0xE30feDd158A2e3b13e9badaeABaFc5516e95e8C7,18,18,3,POPO,WSEI,0,0,0,,,,,dragonswap,,,,,,,,,,,,,,,,,,,,,,,,,,,,,,,,,
0x18e224cb63a80344243F3D3DBd6EC78FF2032cE3,0,,79598296,dragonswap 0x11131cCf0406AD0670F1E1eE37E85B66e8761757/0xE30feDd158A2e3b13e9badaeABaFc5516e95e8C7,0x11131cCf0406AD0670F1E1eE37E85B66e8761757/0xE30feDd158A2e3b13e9badaeABaFc5516e95e8C7,dragonswap,0.003,0.003,0x18e224cb63a80344243F3D3DBd6EC78FF2032cE3,,0x11131cCf0406AD0670F1E1eE37E85B66e8761757,0xE30feDd158A2e3b13e9badaeABaFc5516e95e8C7,18,18,3,Maga,WSEI,0,0,0,,,,,dragonswap,,,,,,,,,,,,,,,,,,,,,,,,,,,,,,,,,
0x33a4d46716eF4eEE663e280dd9E6BB218C4209F1,0,,79617193,dragonswap 0x86fFf10d3Cd57D0B1e2abB1C21a081c4649C9718/0xE30feDd158A2e3b13e9badaeABaFc5516e95e8C7,0x86fFf10d3Cd57D0B1e2abB1C21a081c4649C9718/0xE30feDd158A2e3b13e9badaeABaFc5516e95e8C7,dragonswap,0.003,0.003,0x33a4d46716eF4eEE663e280dd9E6BB218C4209F1,,0x86fFf10d3Cd57D0B1e2abB1C21a081c4649C9718,0xE30feDd158A2e3b13e9badaeABaFc5516e95e8C7,18,18,3,SEIMOON,WSEI,0,0,0,,,,,dragonswap,,,,,,,,,,,,,,,,,,,,,,,,,,,,,,,,,
0x1Aa1a9ae1476F18520fDd85BFc68A969785238D4,0,,79620613,dragonswap 0x87a0D252332eC20b44256009f3Fc0E13f6bB5E74/0xE30feDd158A2e3b13e9badaeABaFc5516e95e8C7,0x87a0D252332eC20b44256009f3Fc0E13f6bB5E74/0xE30feDd158A2e3b13e9badaeABaFc5516e95e8C7,dragonswap,0.003,0.003,0x1Aa1a9ae1476F18520fDd85BFc68A969785238D4,,0x87a0D252332eC20b44256009f3Fc0E13f6bB5E74,0xE30feDd158A2e3b13e9badaeABaFc5516e95e8C7,6,18,3,TEST,WSEI,0,0,0,,,,,dragonswap,,,,,,,,,,,,,,,,,,,,,,,,,,,,,,,,,
0x3eDc62ba8d81F1f359B2C82eE753Bf43fad9FA72,0,,79623507,dragonswap 0x7E1a4BcFF91e1E9150eB2e1fF705001A33cD2C55/0xE30feDd158A2e3b13e9badaeABaFc5516e95e8C7,0x7E1a4BcFF91e1E9150eB2e1fF705001A33cD2C55/0xE30feDd158A2e3b13e9badaeABaFc5516e95e8C7,dragonswap,0.003,0.003,0x3eDc62ba8d81F1f359B2C82eE753Bf43fad9FA72,,0x7E1a4BcFF91e1E9150eB2e1fF705001A33cD2C55,0xE30feDd158A2e3b13e9badaeABaFc5516e95e8C7,6,18,3,seipexsniper,WSEI,0,0,0,,,,,dragonswap,,,,,,,,,,,,,,,,,,,,,,,,,,,,,,,,,
0x072d95cC603E1e6782213A091CEb87FFb18efCFF,0,,79624605,dragonswap 0x6704E3801f9EE4631834d6302768eC040E5CeEf3/0xE30feDd158A2e3b13e9badaeABaFc5516e95e8C7,0x6704E3801f9EE4631834d6302768eC040E5CeEf3/0xE30feDd158A2e3b13e9badaeABaFc5516e95e8C7,dragonswap,0.003,0.003,0x072d95cC603E1e6782213A091CEb87FFb18efCFF,,0x6704E3801f9EE4631834d6302768eC040E5CeEf3,0xE30feDd158A2e3b13e9badaeABaFc5516e95e8C7,6,18,3,spexsniper,WSEI,0,0,0,,,,,dragonswap,,,,,,,,,,,,,,,,,,,,,,,,,,,,,,,,,
0x1b9331E65526bA27990fa73Fe6C882EF5200BF07,0,,79625013,dragonswap 0xd8549278B3dB213f70F9BB3E9c7F5373280769A6/0xE30feDd158A2e3b13e9badaeABaFc5516e95e8C7,0xd8549278B3dB213f70F9BB3E9c7F5373280769A6/0xE30feDd158A2e3b13e9badaeABaFc5516e95e8C7,dragonswap,0.003,0.003,0x1b9331E65526bA27990fa73Fe6C882EF5200BF07,,0xd8549278B3dB213f70F9BB3E9c7F5373280769A6,0xE30feDd158A2e3b13e9badaeABaFc5516e95e8C7,6,18,3,POPO,WSEI,0,0,0,,,,,dragonswap,,,,,,,,,,,,,,,,,,,,,,,,,,,,,,,,,
0x955f7305db0f8648652CF326944315274990ACa2,0,,79627056,dragonswap 0x29A1d64f61f333aEac33CaF0eE18521002b3cbD2/0xE30feDd158A2e3b13e9badaeABaFc5516e95e8C7,0x29A1d64f61f333aEac33CaF0eE18521002b3cbD2/0xE30feDd158A2e3b13e9badaeABaFc5516e95e8C7,dragonswap,0.003,0.003,0x955f7305db0f8648652CF326944315274990ACa2,,0x29A1d64f61f333aEac33CaF0eE18521002b3cbD2,0xE30feDd158A2e3b13e9badaeABaFc5516e95e8C7,18,18,3,DOB,WSEI,0,0,0,,,,,dragonswap,,,,,,,,,,,,,,,,,,,,,,,,,,,,,,,,,
0x2132124986C25525B1C55F9684f1af5f69eA13C0,0,,79627574,dragonswap 0xC6BC81A0E287cC8103cC002147a9d76caE4cD6E5/0xE30feDd158A2e3b13e9badaeABaFc5516e95e8C7,0xC6BC81A0E287cC8103cC002147a9d76caE4cD6E5/0xE30feDd158A2e3b13e9badaeABaFc5516e95e8C7,dragonswap,0.003,0.003,0x2132124986C25525B1C55F9684f1af5f69eA13C0,,0xC6BC81A0E287cC8103cC002147a9d76caE4cD6E5,0xE30feDd158A2e3b13e9badaeABaFc5516e95e8C7,18,18,3,BALLZ,WSEI,0,0,0,,,,,dragonswap,,,,,,,,,,,,,,,,,,,,,,,,,,,,,,,,,
0x2B595022b4C139378fBc738b8d356A3261f3e7b7,0,,79674835,dragonswap 0x2556Db239C49E7964b9E087B360821473cC6caF8/0xE30feDd158A2e3b13e9badaeABaFc5516e95e8C7,0x2556Db239C49E7964b9E087B360821473cC6caF8/0xE30feDd158A2e3b13e9badaeABaFc5516e95e8C7,dragonswap,0.003,0.003,0x2B595022b4C139378fBc738b8d356A3261f3e7b7,,0x2556Db239C49E7964b9E087B360821473cC6caF8,0xE30feDd158A2e3b13e9badaeABaFc5516e95e8C7,18,18,3,Ponk,WSEI,0,0,0,,,,,dragonswap,,,,,,,,,,,,,,,,,,,,,,,,,,,,,,,,,
0x6A6782691462f2A2308B1cD67337102C09150F92,0,,79694371,dragonswap 0x3894085Ef7Ff0f0aeDf52E2A2704928d1Ec074F1/0x964a18AdFD9A71c444C0229DA58eC2739153D31b,0x3894085Ef7Ff0f0aeDf52E2A2704928d1Ec074F1/0x964a18AdFD9A71c444C0229DA58eC2739153D31b,dragonswap,0.003,0.003,0x6A6782691462f2A2308B1cD67337102C09150F92,,0x3894085Ef7Ff0f0aeDf52E2A2704928d1Ec074F1,0x964a18AdFD9A71c444C0229DA58eC2739153D31b,6,18,3,USDC,SEITAN,0,0,0,,,,,dragonswap,,,,,,,,,,,,,,,,,,,,,,,,,,,,,,,,,
0x0413302d1a20C6e3544C6703E2D70e981B931f90,0,,79760814,dragonswap 0x71D2115967111a399d5FB619929FA0Fda1ee93f7/0xE30feDd158A2e3b13e9badaeABaFc5516e95e8C7,0x71D2115967111a399d5FB619929FA0Fda1ee93f7/0xE30feDd158A2e3b13e9badaeABaFc5516e95e8C7,dragonswap,0.003,0.003,0x0413302d1a20C6e3544C6703E2D70e981B931f90,,0x71D2115967111a399d5FB619929FA0Fda1ee93f7,0xE30feDd158A2e3b13e9badaeABaFc5516e95e8C7,18,18,3,WASB,WSEI,0,0,0,,,,,dragonswap,,,,,,,,,,,,,,,,,,,,,,,,,,,,,,,,,
0x79678d97804EcB3D95278773953b09f1a8123faE,0,,79782963,dragonswap 0x5f0E07dFeE5832Faa00c63F2D33A0D79150E8598/0xC18b6a15FB0ceaf5eb18696EeFCb5bc7b9107149,0x5f0E07dFeE5832Faa00c63F2D33A0D79150E8598/0xC18b6a15FB0ceaf5eb18696EeFCb5bc7b9107149,dragonswap,0.003,0.003,0x79678d97804EcB3D95278773953b09f1a8123faE,,0x5f0E07dFeE5832Faa00c63F2D33A0D79150E8598,0xC18b6a15FB0ceaf5eb18696EeFCb5bc7b9107149,6,18,3,SEIYAN,POPO,0,0,0,,,,,dragonswap,,,,,,,,,,,,,,,,,,,,,,,,,,,,,,,,,
0xDDF08147087f957a11ED466acD4f297709E8A919,0,,79795154,dragonswap 0xb684E8fafdf9Db710E044780A382D6Fe9559f56b/0xE30feDd158A2e3b13e9badaeABaFc5516e95e8C7,0xb684E8fafdf9Db710E044780A382D6Fe9559f56b/0xE30feDd158A2e3b13e9badaeABaFc5516e95e8C7,dragonswap,0.003,0.003,0xDDF08147087f957a11ED466acD4f297709E8A919,,0xb684E8fafdf9Db710E044780A382D6Fe9559f56b,0xE30feDd158A2e3b13e9badaeABaFc5516e95e8C7,18,18,3,STASH,WSEI,0,0,0,,,,,dragonswap,,,,,,,,,,,,,,,,,,,,,,,,,,,,,,,,,
0x1a4f59f2003b2461303e06BeCF2a8edE82176cC7,0,,79796071,dragonswap 0xE30feDd158A2e3b13e9badaeABaFc5516e95e8C7/0xf1Db2416fd551F4b65C978D85EfE02c0f14FB5ED,0xE30feDd158A2e3b13e9badaeABaFc5516e95e8C7/0xf1Db2416fd551F4b65C978D85EfE02c0f14FB5ED,dragonswap,0.003,0.003,0x1a4f59f2003b2461303e06BeCF2a8edE82176cC7,,0xE30feDd158A2e3b13e9badaeABaFc5516e95e8C7,0xf1Db2416fd551F4b65C978D85EfE02c0f14FB5ED,18,18,3,WSEI,SEIMPLE,0,0,0,,,,,dragonswap,,,,,,,,,,,,,,,,,,,,,,,,,,,,,,,,,
0x9c9969D8098f91c8E2af60d7ae7d9B4abcb9925f,0,,79811848,dragonswap 0xAEAfe2E8078ed660b7E423b3018E85426CB8F2C1/0xE30feDd158A2e3b13e9badaeABaFc5516e95e8C7,0xAEAfe2E8078ed660b7E423b3018E85426CB8F2C1/0xE30feDd158A2e3b13e9badaeABaFc5516e95e8C7,dragonswap,0.003,0.003,0x9c9969D8098f91c8E2af60d7ae7d9B4abcb9925f,,0xAEAfe2E8078ed660b7E423b3018E85426CB8F2C1,0xE30feDd158A2e3b13e9badaeABaFc5516e95e8C7,9,18,3,test,WSEI,0,0,0,,,,,dragonswap,,,,,,,,,,,,,,,,,,,,,,,,,,,,,,,,,
0x6BD7295432596fBf7849215A1f60c8b42441CD84,0,,79813846,dragonswap 0x234B5FA7D226e133C8b0De5677DFCcAC1b7a1f05/0xE30feDd158A2e3b13e9badaeABaFc5516e95e8C7,0x234B5FA7D226e133C8b0De5677DFCcAC1b7a1f05/0xE30feDd158A2e3b13e9badaeABaFc5516e95e8C7,dragonswap,0.003,0.003,0x6BD7295432596fBf7849215A1f60c8b42441CD84,,0x234B5FA7D226e133C8b0De5677DFCcAC1b7a1f05,0xE30feDd158A2e3b13e9badaeABaFc5516e95e8C7,18,18,3,GRIP,WSEI,0,0,0,,,,,dragonswap,,,,,,,,,,,,,,,,,,,,,,,,,,,,,,,,,
0x9836cada51ccbbE876813fB8B4FABab75a495040,0,,79817422,dragonswap 0x9eD58eea48Fb814B2E800B1AF4be0A26Bc00cCd1/0xE30feDd158A2e3b13e9badaeABaFc5516e95e8C7,0x9eD58eea48Fb814B2E800B1AF4be0A26Bc00cCd1/0xE30feDd158A2e3b13e9badaeABaFc5516e95e8C7,dragonswap,0.003,0.003,0x9836cada51ccbbE876813fB8B4FABab75a495040,,0x9eD58eea48Fb814B2E800B1AF4be0A26Bc00cCd1,0xE30feDd158A2e3b13e9badaeABaFc5516e95e8C7,18,18,3,test,WSEI,0,0,0,,,,,dragonswap,,,,,,,,,,,,,,,,,,,,,,,,,,,,,,,,,
0xb879cB2703Ab592ac2ED9B4D99Fa2A134B956EaE,0,,79823200,dragonswap 0x23d725A9A22A2426454E25b4E281669e58C4be9A/0xE30feDd158A2e3b13e9badaeABaFc5516e95e8C7,0x23d725A9A22A2426454E25b4E281669e58C4be9A/0xE30feDd158A2e3b13e9badaeABaFc5516e95e8C7,dragonswap,0.003,0.003,0xb879cB2703Ab592ac2ED9B4D99Fa2A134B956EaE,,0x23d725A9A22A2426454E25b4E281669e58C4be9A,0xE30feDd158A2e3b13e9badaeABaFc5516e95e8C7,18,18,3,FLOKI,WSEI,0,0,0,,,,,dragonswap,,,,,,,,,,,,,,,,,,,,,,,,,,,,,,,,,
0xd2e60010841638BDf973fF805A687A24a9FEa328,0,,79843334,dragonswap 0x2fD576789A57B1689F7Da61C88fee87C62962dAC/0xE30feDd158A2e3b13e9badaeABaFc5516e95e8C7,0x2fD576789A57B1689F7Da61C88fee87C62962dAC/0xE30feDd158A2e3b13e9badaeABaFc5516e95e8C7,dragonswap,0.003,0.003,0xd2e60010841638BDf973fF805A687A24a9FEa328,,0x2fD576789A57B1689F7Da61C88fee87C62962dAC,0xE30feDd158A2e3b13e9badaeABaFc5516e95e8C7,18,18,3,SMURF,WSEI,0,0,0,,,,,dragonswap,,,,,,,,,,,,,,,,,,,,,,,,,,,,,,,,,
0x5dED73481B17Ee83bbAf53ba6cAa85d6fe4Bc4a1,0,,79888946,dragonswap 0x87B5e43E55A39299804FC593eC1266bD2d08c063/0xE30feDd158A2e3b13e9badaeABaFc5516e95e8C7,0x87B5e43E55A39299804FC593eC1266bD2d08c063/0xE30feDd158A2e3b13e9badaeABaFc5516e95e8C7,dragonswap,0.003,0.003,0x5dED73481B17Ee83bbAf53ba6cAa85d6fe4Bc4a1,,0x87B5e43E55A39299804FC593eC1266bD2d08c063,0xE30feDd158A2e3b13e9badaeABaFc5516e95e8C7,18,18,3,Meow,WSEI,0,0,0,,,,,dragonswap,,,,,,,,,,,,,,,,,,,,,,,,,,,,,,,,,
0xd41748A1eB63e659718E42d06B4ec9Af6a1822B2,0,,79941769,dragonswap 0x36e0C1936154c07f36C8D626D2D2D4Cf4AFEEE44/0xE30feDd158A2e3b13e9badaeABaFc5516e95e8C7,0x36e0C1936154c07f36C8D626D2D2D4Cf4AFEEE44/0xE30feDd158A2e3b13e9badaeABaFc5516e95e8C7,dragonswap,0.003,0.003,0xd41748A1eB63e659718E42d06B4ec9Af6a1822B2,,0x36e0C1936154c07f36C8D626D2D2D4Cf4AFEEE44,0xE30feDd158A2e3b13e9badaeABaFc5516e95e8C7,18,18,3,TEST,WSEI,0,0,0,,,,,dragonswap,,,,,,,,,,,,,,,,,,,,,,,,,,,,,,,,,
0x5f24d329e4E05e229AEC4c8D40188e13d9B3b632,0,,79959113,dragonswap 0x9d5F3D2850e3b9E564a5D11Abc88266E0e12BB72/0xE30feDd158A2e3b13e9badaeABaFc5516e95e8C7,0x9d5F3D2850e3b9E564a5D11Abc88266E0e12BB72/0xE30feDd158A2e3b13e9badaeABaFc5516e95e8C7,dragonswap,0.003,0.003,0x5f24d329e4E05e229AEC4c8D40188e13d9B3b632,,0x9d5F3D2850e3b9E564a5D11Abc88266E0e12BB72,0xE30feDd158A2e3b13e9badaeABaFc5516e95e8C7,18,18,3,SDOGE,WSEI,0,0,0,,,,,dragonswap,,,,,,,,,,,,,,,,,,,,,,,,,,,,,,,,,
0x237f71a6891169eDa157FaB95AF650652633Eeb0,0,,79964202,dragonswap 0xABDa917c542204C7a7e2771E50AB3c495c6419E3/0xE30feDd158A2e3b13e9badaeABaFc5516e95e8C7,0xABDa917c542204C7a7e2771E50AB3c495c6419E3/0xE30feDd158A2e3b13e9badaeABaFc5516e95e8C7,dragonswap,0.003,0.003,0x237f71a6891169eDa157FaB95AF650652633Eeb0,,0xABDa917c542204C7a7e2771E50AB3c495c6419E3,0xE30feDd158A2e3b13e9badaeABaFc5516e95e8C7,18,18,3,SEIFMOON,WSEI,0,0,0,,,,,dragonswap,,,,,,,,,,,,,,,,,,,,,,,,,,,,,,,,,
0xc0112967d4b3940e20508404040bbCe8f7aDf22b,0,,79964540,dragonswap 0x3A0A7a3cA25C17D15E8d51332fb25BFEA274d107/0xE30feDd158A2e3b13e9badaeABaFc5516e95e8C7,0x3A0A7a3cA25C17D15E8d51332fb25BFEA274d107/0xE30feDd158A2e3b13e9badaeABaFc5516e95e8C7,dragonswap,0.003,0.003,0xc0112967d4b3940e20508404040bbCe8f7aDf22b,,0x3A0A7a3cA25C17D15E8d51332fb25BFEA274d107,0xE30feDd158A2e3b13e9badaeABaFc5516e95e8C7,6,18,3,SPEX,WSEI,0,0,0,,,,,dragonswap,,,,,,,,,,,,,,,,,,,,,,,,,,,,,,,,,
0xb13035790D34d44b2B3472f7C6e406446cbB00F2,0,,79967611,dragonswap 0x688f030F246A39d3cAC33513223C4caBC0b2C972/0xE30feDd158A2e3b13e9badaeABaFc5516e95e8C7,0x688f030F246A39d3cAC33513223C4caBC0b2C972/0xE30feDd158A2e3b13e9badaeABaFc5516e95e8C7,dragonswap,0.003,0.003,0xb13035790D34d44b2B3472f7C6e406446cbB00F2,,0x688f030F246A39d3cAC33513223C4caBC0b2C972,0xE30feDd158A2e3b13e9badaeABaFc5516e95e8C7,18,18,3,JOG,WSEI,0,0,0,,,,,dragonswap,,,,,,,,,,,,,,,,,,,,,,,,,,,,,,,,,
0x45f123686b1F3d30F6e1207E1B607Be99401B625,0,,79969468,dragonswap 0xE30feDd158A2e3b13e9badaeABaFc5516e95e8C7/0xf074584d7a45B24208b90F656697212B9997589D,0xE30feDd158A2e3b13e9badaeABaFc5516e95e8C7/0xf074584d7a45B24208b90F656697212B9997589D,dragonswap,0.003,0.003,0x45f123686b1F3d30F6e1207E1B607Be99401B625,,0xE30feDd158A2e3b13e9badaeABaFc5516e95e8C7,0xf074584d7a45B24208b90F656697212B9997589D,18,18,3,WSEI,Test,0,0,0,,,,,dragonswap,,,,,,,,,,,,,,,,,,,,,,,,,,,,,,,,,
0xB35Ee167A7de2a0a6220A799E0F97f9D23ffE591,0,,79972193,dragonswap 0xCa81263F655fA0e132F71b2D00F1b8A4D0077c6D/0xE30feDd158A2e3b13e9badaeABaFc5516e95e8C7,0xCa81263F655fA0e132F71b2D00F1b8A4D0077c6D/0xE30feDd158A2e3b13e9badaeABaFc5516e95e8C7,dragonswap,0.003,0.003,0xB35Ee167A7de2a0a6220A799E0F97f9D23ffE591,,0xCa81263F655fA0e132F71b2D00F1b8A4D0077c6D,0xE30feDd158A2e3b13e9badaeABaFc5516e95e8C7,18,18,3,SDOGE,WSEI,0,0,0,,,,,dragonswap,,,,,,,,,,,,,,,,,,,,,,,,,,,,,,,,,
0x99167Ed16e45C6d550fbf1E1abA28BF0B989D2D0,0,,79972487,dragonswap 0x4280558E4C5F7dFCB6D39E88e75D653aF01b7110/0xE30feDd158A2e3b13e9badaeABaFc5516e95e8C7,0x4280558E4C5F7dFCB6D39E88e75D653aF01b7110/0xE30feDd158A2e3b13e9badaeABaFc5516e95e8C7,dragonswap,0.003,0.003,0x99167Ed16e45C6d550fbf1E1abA28BF0B989D2D0,,0x4280558E4C5F7dFCB6D39E88e75D653aF01b7110,0xE30feDd158A2e3b13e9badaeABaFc5516e95e8C7,18,18,3,SKIBBY,WSEI,0,0,0,,,,,dragonswap,,,,,,,,,,,,,,,,,,,,,,,,,,,,,,,,,
0x4Feaf2F1606995dB89682446401a093bfC8a1f37,0,,79975668,dragonswap 0x9Eb512d7C4080B9088C8e13287607A05A4138F32/0xE30feDd158A2e3b13e9badaeABaFc5516e95e8C7,0x9Eb512d7C4080B9088C8e13287607A05A4138F32/0xE30feDd158A2e3b13e9badaeABaFc5516e95e8C7,dragonswap,0.003,0.003,0x4Feaf2F1606995dB89682446401a093bfC8a1f37,,0x9Eb512d7C4080B9088C8e13287607A05A4138F32,0xE30feDd158A2e3b13e9badaeABaFc5516e95e8C7,18,18,3,Sefa,WSEI,0,0,0,,,,,dragonswap,,,,,,,,,,,,,,,,,,,,,,,,,,,,,,,,,
0x6dF04ED216Ac96AFb2a1dEa0cb4516Eb1BC0Ac8F,0,,79979260,dragonswap 0x6F8f8Edb5641605F839c9912490327Ce921397Bd/0xE30feDd158A2e3b13e9badaeABaFc5516e95e8C7,0x6F8f8Edb5641605F839c9912490327Ce921397Bd/0xE30feDd158A2e3b13e9badaeABaFc5516e95e8C7,dragonswap,0.003,0.003,0x6dF04ED216Ac96AFb2a1dEa0cb4516Eb1BC0Ac8F,,0x6F8f8Edb5641605F839c9912490327Ce921397Bd,0xE30feDd158A2e3b13e9badaeABaFc5516e95e8C7,18,18,3,Teddy,WSEI,0,0,0,,,,,dragonswap,,,,,,,,,,,,,,,,,,,,,,,,,,,,,,,,,
0x81d3b1BFcd85BC74eA9886a73D1ff218D67F4534,0,,79981127,dragonswap 0xDAe81279737256084fc9F52c5c1DB3e0283fEC3A/0xE30feDd158A2e3b13e9badaeABaFc5516e95e8C7,0xDAe81279737256084fc9F52c5c1DB3e0283fEC3A/0xE30feDd158A2e3b13e9badaeABaFc5516e95e8C7,dragonswap,0.003,0.003,0x81d3b1BFcd85BC74eA9886a73D1ff218D67F4534,,0xDAe81279737256084fc9F52c5c1DB3e0283fEC3A,0xE30feDd158A2e3b13e9badaeABaFc5516e95e8C7,18,18,3,BABYPOPO,WSEI,0,0,0,,,,,dragonswap,,,,,,,,,,,,,,,,,,,,,,,,,,,,,,,,,
0x8A39a76A22e488DBc723122c63b2C2a6e0AbE13B,0,,79982314,dragonswap 0xC18b6a15FB0ceaf5eb18696EeFCb5bc7b9107149/0xC6BC81A0E287cC8103cC002147a9d76caE4cD6E5,0xC18b6a15FB0ceaf5eb18696EeFCb5bc7b9107149/0xC6BC81A0E287cC8103cC002147a9d76caE4cD6E5,dragonswap,0.003,0.003,0x8A39a76A22e488DBc723122c63b2C2a6e0AbE13B,,0xC18b6a15FB0ceaf5eb18696EeFCb5bc7b9107149,0xC6BC81A0E287cC8103cC002147a9d76caE4cD6E5,18,18,3,POPO,BALLZ,0,0,0,,,,,dragonswap,,,,,,,,,,,,,,,,,,,,,,,,,,,,,,,,,
0x2F740183Bb87f5d43A9CB64e4EC7fe566Cd36A43,0,,79983040,dragonswap 0x02cCA9bF007B5d96149F02aAEFd646BB887104e5/0xE30feDd158A2e3b13e9badaeABaFc5516e95e8C7,0x02cCA9bF007B5d96149F02aAEFd646BB887104e5/0xE30feDd158A2e3b13e9badaeABaFc5516e95e8C7,dragonswap,0.003,0.003,0x2F740183Bb87f5d43A9CB64e4EC7fe566Cd36A43,,0x02cCA9bF007B5d96149F02aAEFd646BB887104e5,0xE30feDd158A2e3b13e9badaeABaFc5516e95e8C7,18,18,3,SENSEI,WSEI,0,0,0,,,,,dragonswap,,,,,,,,,,,,,,,,,,,,,,,,,,,,,,,,,
0xDFaBF342464A2E7F451005D7248b79FC1fC3515c,0,,79984275,dragonswap 0xE30feDd158A2e3b13e9badaeABaFc5516e95e8C7/0xE664b088a77EcBaa39af07709656b8F0B5D1048D,0xE30feDd158A2e3b13e9badaeABaFc5516e95e8C7/0xE664b088a77EcBaa39af07709656b8F0B5D1048D,dragonswap,0.003,0.003,0xDFaBF342464A2E7F451005D7248b79FC1fC3515c,,0xE30feDd158A2e3b13e9badaeABaFc5516e95e8C7,0xE664b088a77EcBaa39af07709656b8F0B5D1048D,18,18,3,WSEI,WIF,0,0,0,,,,,dragonswap,,,,,,,,,,,,,,,,,,,,,,,,,,,,,,,,,
0x7990251ed0166BF90dC82e865B5aFE382e228Ff4,0,,79986829,dragonswap 0x67DA7010C6c231AD620E3940e707adB6c1a08f23/0xE30feDd158A2e3b13e9badaeABaFc5516e95e8C7,0x67DA7010C6c231AD620E3940e707adB6c1a08f23/0xE30feDd158A2e3b13e9badaeABaFc5516e95e8C7,dragonswap,0.003,0.003,0x7990251ed0166BF90dC82e865B5aFE382e228Ff4,,0x67DA7010C6c231AD620E3940e707adB6c1a08f23,0xE30feDd158A2e3b13e9badaeABaFc5516e95e8C7,6,18,3,SEI,WSEI,0,0,0,,,,,dragonswap,,,,,,,,,,,,,,,,,,,,,,,,,,,,,,,,,
0xE581189BC9C9ac6235E4E5eD9D4A2fE58C071074,0,,79989022,dragonswap 0x4b9def7D5105934589076503633E51BD4a54ea7A/0xE30feDd158A2e3b13e9badaeABaFc5516e95e8C7,0x4b9def7D5105934589076503633E51BD4a54ea7A/0xE30feDd158A2e3b13e9badaeABaFc5516e95e8C7,dragonswap,0.003,0.003,0xE581189BC9C9ac6235E4E5eD9D4A2fE58C071074,,0x4b9def7D5105934589076503633E51BD4a54ea7A,0xE30feDd158A2e3b13e9badaeABaFc5516e95e8C7,18,18,3,BallzWif,WSEI,0,0,0,,,,,dragonswap,,,,,,,,,,,,,,,,,,,,,,,,,,,,,,,,,
0x693FDeAe9EbEb10E39f8Ed8D49730DF93EA9e6E7,0,,79990773,dragonswap 0x964a18AdFD9A71c444C0229DA58eC2739153D31b/0xE30feDd158A2e3b13e9badaeABaFc5516e95e8C7,0x964a18AdFD9A71c444C0229DA58eC2739153D31b/0xE30feDd158A2e3b13e9badaeABaFc5516e95e8C7,dragonswap,0.003,0.003,0x693FDeAe9EbEb10E39f8Ed8D49730DF93EA9e6E7,,0x964a18AdFD9A71c444C0229DA58eC2739153D31b,0xE30feDd158A2e3b13e9badaeABaFc5516e95e8C7,18,18,3,SEITAN,WSEI,0,0,0,,,,,dragonswap,,,,,,,,,,,,,,,,,,,,,,,,,,,,,,,,,
0x6bAf1ad3CE36f343A908129D529e28CC0a9F781a,0,,79994050,dragonswap 0x49d1bBfaf4038D5E53124aEdB6809CEDcA3D28A5/0xE30feDd158A2e3b13e9badaeABaFc5516e95e8C7,0x49d1bBfaf4038D5E53124aEdB6809CEDcA3D28A5/0xE30feDd158A2e3b13e9badaeABaFc5516e95e8C7,dragonswap,0.003,0.003,0x6bAf1ad3CE36f343A908129D529e28CC0a9F781a,,0x49d1bBfaf4038D5E53124aEdB6809CEDcA3D28A5,0xE30feDd158A2e3b13e9badaeABaFc5516e95e8C7,18,18,3,JOG,WSEI,0,0,0,,,,,dragonswap,,,,,,,,,,,,,,,,,,,,,,,,,,,,,,,,,
0x8fd3204a0eb4503057Be2f4202b94D2B314Dd71b,0,,79996254,dragonswap 0x18022a5196AC8Bc3e2aba860E3da68d3F8370C07/0xE30feDd158A2e3b13e9badaeABaFc5516e95e8C7,0x18022a5196AC8Bc3e2aba860E3da68d3F8370C07/0xE30feDd158A2e3b13e9badaeABaFc5516e95e8C7,dragonswap,0.003,0.003,0x8fd3204a0eb4503057Be2f4202b94D2B314Dd71b,,0x18022a5196AC8Bc3e2aba860E3da68d3F8370C07,0xE30feDd158A2e3b13e9badaeABaFc5516e95e8C7,18,18,3,pepe,WSEI,0,0,0,,,,,dragonswap,,,,,,,,,,,,,,,,,,,,,,,,,,,,,,,,,
0x575F2e68864E238BF8B22B706A0F84C57a93BD85,0,,79996299,dragonswap 0x64698e567fcdDa703Ff773F9658A7286a7a0c1Ee/0xE30feDd158A2e3b13e9badaeABaFc5516e95e8C7,0x64698e567fcdDa703Ff773F9658A7286a7a0c1Ee/0xE30feDd158A2e3b13e9badaeABaFc5516e95e8C7,dragonswap,0.003,0.003,0x575F2e68864E238BF8B22B706A0F84C57a93BD85,,0x64698e567fcdDa703Ff773F9658A7286a7a0c1Ee,0xE30feDd158A2e3b13e9badaeABaFc5516e95e8C7,18,18,3,SEIMEX,WSEI,0,0,0,,,,,dragonswap,,,,,,,,,,,,,,,,,,,,,,,,,,,,,,,,,
0x8b013b518281b403686c1B649cB9Ebd15f18fd35,0,,79997277,dragonswap 0x030691C8Cd3A40E67194CBc8f5085157efAbbB1b/0xE30feDd158A2e3b13e9badaeABaFc5516e95e8C7,0x030691C8Cd3A40E67194CBc8f5085157efAbbB1b/0xE30feDd158A2e3b13e9badaeABaFc5516e95e8C7,dragonswap,0.003,0.003,0x8b013b518281b403686c1B649cB9Ebd15f18fd35,,0x030691C8Cd3A40E67194CBc8f5085157efAbbB1b,0xE30feDd158A2e3b13e9badaeABaFc5516e95e8C7,18,18,3,Conan,WSEI,0,0,0,,,,,dragonswap,,,,,,,,,,,,,,,,,,,,,,,,,,,,,,,,,
0x23bdD5133beDcB8C557f333e3a0291f664B8280e,0,,79998049,dragonswap 0xA08Fa427bEaaB09b61fB7D7C88aB37941dcF1fc5/0xE30feDd158A2e3b13e9badaeABaFc5516e95e8C7,0xA08Fa427bEaaB09b61fB7D7C88aB37941dcF1fc5/0xE30feDd158A2e3b13e9badaeABaFc5516e95e8C7,dragonswap,0.003,0.003,0x23bdD5133beDcB8C557f333e3a0291f664B8280e,,0xA08Fa427bEaaB09b61fB7D7C88aB37941dcF1fc5,0xE30feDd158A2e3b13e9badaeABaFc5516e95e8C7,18,18,3,Dub,WSEI,0,0,0,,,,,dragonswap,,,,,,,,,,,,,,,,,,,,,,,,,,,,,,,,,
0xc20b1a95115693CFF624d2987d181c8C5B45f365,0,,79999937,dragonswap 0x10AdbEf931529d970a5EEbaE8b692a0e00790c7A/0xE30feDd158A2e3b13e9badaeABaFc5516e95e8C7,0x10AdbEf931529d970a5EEbaE8b692a0e00790c7A/0xE30feDd158A2e3b13e9badaeABaFc5516e95e8C7,dragonswap,0.003,0.003,0xc20b1a95115693CFF624d2987d181c8C5B45f365,,0x10AdbEf931529d970a5EEbaE8b692a0e00790c7A,0xE30feDd158A2e3b13e9badaeABaFc5516e95e8C7,18,18,3,FtPepe,WSEI,0,0,0,,,,,dragonswap,,,,,,,,,,,,,,,,,,,,,,,,,,,,,,,,,
0x5a7887d24CDff8aF0Ff6FE23D6597b7acED65cB4,0,,80001390,dragonswap 0x3575058d12EEE837B69858331F77FEa477C453fd/0xE30feDd158A2e3b13e9badaeABaFc5516e95e8C7,0x3575058d12EEE837B69858331F77FEa477C453fd/0xE30feDd158A2e3b13e9badaeABaFc5516e95e8C7,dragonswap,0.003,0.003,0x5a7887d24CDff8aF0Ff6FE23D6597b7acED65cB4,,0x3575058d12EEE837B69858331F77FEa477C453fd,0xE30feDd158A2e3b13e9badaeABaFc5516e95e8C7,18,18,3,STS,WSEI,0,0,0,,,,,dragonswap,,,,,,,,,,,,,,,,,,,,,,,,,,,,,,,,,
0x6ffA943C29502539554dc67F82e0E84d65faAdeA,0,,80002737,dragonswap 0x3d416e2c0ed0939743b32BbA00C2B294f082bf78/0xE30feDd158A2e3b13e9badaeABaFc5516e95e8C7,0x3d416e2c0ed0939743b32BbA00C2B294f082bf78/0xE30feDd158A2e3b13e9badaeABaFc5516e95e8C7,dragonswap,0.003,0.003,0x6ffA943C29502539554dc67F82e0E84d65faAdeA,,0x3d416e2c0ed0939743b32BbA00C2B294f082bf78,0xE30feDd158A2e3b13e9badaeABaFc5516e95e8C7,18,18,3,IES,WSEI,0,0,0,,,,,dragonswap,,,,,,,,,,,,,,,,,,,,,,,,,,,,,,,,,
0x6b91Af8758dd444dB5E0CA6394Ae8ce9Dbf1291F,0,,80002802,dragonswap 0x2f2176F18543a8A868856a91CCC677A38d8A0786/0xE30feDd158A2e3b13e9badaeABaFc5516e95e8C7,0x2f2176F18543a8A868856a91CCC677A38d8A0786/0xE30feDd158A2e3b13e9badaeABaFc5516e95e8C7,dragonswap,0.003,0.003,0x6b91Af8758dd444dB5E0CA6394Ae8ce9Dbf1291F,,0x2f2176F18543a8A868856a91CCC677A38d8A0786,0xE30feDd158A2e3b13e9badaeABaFc5516e95e8C7,18,18,3,CABAL,WSEI,0,0,0,,,,,dragonswap,,,,,,,,,,,,,,,,,,,,,,,,,,,,,,,,,
0xF75209d93C37B141251F0B7725a5f5d0ef35B448,0,,80005925,dragonswap 0x1981bf28647897E502f350329C4E37b3c1909032/0xE30feDd158A2e3b13e9badaeABaFc5516e95e8C7,0x1981bf28647897E502f350329C4E37b3c1909032/0xE30feDd158A2e3b13e9badaeABaFc5516e95e8C7,dragonswap,0.003,0.003,0xF75209d93C37B141251F0B7725a5f5d0ef35B448,,0x1981bf28647897E502f350329C4E37b3c1909032,0xE30feDd158A2e3b13e9badaeABaFc5516e95e8C7,18,18,3,MILLI,WSEI,0,0,0,,,,,dragonswap,,,,,,,,,,,,,,,,,,,,,,,,,,,,,,,,,
0xFEf5081940f3f3125Cdd50D54c687df4812b4A0e,0,,80006221,dragonswap 0xE30feDd158A2e3b13e9badaeABaFc5516e95e8C7/0xF00F4851FF70f6F33181aB39fC732C47B487Dcf1,0xE30feDd158A2e3b13e9badaeABaFc5516e95e8C7/0xF00F4851FF70f6F33181aB39fC732C47B487Dcf1,dragonswap,0.003,0.003,0xFEf5081940f3f3125Cdd50D54c687df4812b4A0e,,0xE30feDd158A2e3b13e9badaeABaFc5516e95e8C7,0xF00F4851FF70f6F33181aB39fC732C47B487Dcf1,18,18,3,WSEI,sonic,0,0,0,,,,,dragonswap,,,,,,,,,,,,,,,,,,,,,,,,,,,,,,,,,
0xAe7129065d88B731e84524F7CAd2239a50F65F5e,0,,80010523,dragonswap 0x99B85E9dFFfed176E46a3bE009ab9f9FE6AE59ed/0xE30feDd158A2e3b13e9badaeABaFc5516e95e8C7,0x99B85E9dFFfed176E46a3bE009ab9f9FE6AE59ed/0xE30feDd158A2e3b13e9badaeABaFc5516e95e8C7,dragonswap,0.003,0.003,0xAe7129065d88B731e84524F7CAd2239a50F65F5e,,0x99B85E9dFFfed176E46a3bE009ab9f9FE6AE59ed,0xE30feDd158A2e3b13e9badaeABaFc5516e95e8C7,18,18,3,OS,WSEI,0,0,0,,,,,dragonswap,,,,,,,,,,,,,,,,,,,,,,,,,,,,,,,,,
0x6e69A2a7e08d87C599EA093D52EC5B490E408DD9,0,,80012814,dragonswap 0x4bb65aFb39bB6DB5a92C86FbFf2853B20EFDBCDb/0xE30feDd158A2e3b13e9badaeABaFc5516e95e8C7,0x4bb65aFb39bB6DB5a92C86FbFf2853B20EFDBCDb/0xE30feDd158A2e3b13e9badaeABaFc5516e95e8C7,dragonswap,0.003,0.003,0x6e69A2a7e08d87C599EA093D52EC5B490E408DD9,,0x4bb65aFb39bB6DB5a92C86FbFf2853B20EFDBCDb,0xE30feDd158A2e3b13e9badaeABaFc5516e95e8C7,18,18,3,SEIVTRUMP,WSEI,0,0,0,,,,,dragonswap,,,,,,,,,,,,,,,,,,,,,,,,,,,,,,,,,
0xa62eBa364B54dC12340291336C7FAd75D6D6507C,0,,80017381,dragonswap 0x69F69D372D6870C6adB1F7025fEeF418b9774D2C/0xE30feDd158A2e3b13e9badaeABaFc5516e95e8C7,0x69F69D372D6870C6adB1F7025fEeF418b9774D2C/0xE30feDd158A2e3b13e9badaeABaFc5516e95e8C7,dragonswap,0.003,0.003,0xa62eBa364B54dC12340291336C7FAd75D6D6507C,,0x69F69D372D6870C6adB1F7025fEeF418b9774D2C,0xE30feDd158A2e3b13e9badaeABaFc5516e95e8C7,18,18,3,SAFE,WSEI,0,0,0,,,,,dragonswap,,,,,,,,,,,,,,,,,,,,,,,,,,,,,,,,,
0x9dd87392ABE6Da6B52C0D0AC408515A12CF96282,0,,80022594,dragonswap 0x3A44db7C1565F3ac91326073dce43c22C3995b5c/0xE30feDd158A2e3b13e9badaeABaFc5516e95e8C7,0x3A44db7C1565F3ac91326073dce43c22C3995b5c/0xE30feDd158A2e3b13e9badaeABaFc5516e95e8C7,dragonswap,0.003,0.003,0x9dd87392ABE6Da6B52C0D0AC408515A12CF96282,,0x3A44db7C1565F3ac91326073dce43c22C3995b5c,0xE30feDd158A2e3b13e9badaeABaFc5516e95e8C7,18,18,3,$BRETT,WSEI,0,0,0,,,,,dragonswap,,,,,,,,,,,,,,,,,,,,,,,,,,,,,,,,,
0x192a3Bbf1c9bFA8C96204E7ab9E0F2e5900Bb43E,0,,80027907,dragonswap 0xc4547095ca1B0B26A61a80Ce1fC1E9Fb828a7C3a/0xE30feDd158A2e3b13e9badaeABaFc5516e95e8C7,0xc4547095ca1B0B26A61a80Ce1fC1E9Fb828a7C3a/0xE30feDd158A2e3b13e9badaeABaFc5516e95e8C7,dragonswap,0.003,0.003,0x192a3Bbf1c9bFA8C96204E7ab9E0F2e5900Bb43E,,0xc4547095ca1B0B26A61a80Ce1fC1E9Fb828a7C3a,0xE30feDd158A2e3b13e9badaeABaFc5516e95e8C7,18,18,3,FLSEI,WSEI,0,0,0,,,,,dragonswap,,,,,,,,,,,,,,,,,,,,,,,,,,,,,,,,,
0x9f76dB73210b5828B2E63a79e317B75200818dF8,0,,80030480,dragonswap 0x0448bABC4C4cD0bEd21c3B02B8CFe82e7B7cAebc/0xE30feDd158A2e3b13e9badaeABaFc5516e95e8C7,0x0448bABC4C4cD0bEd21c3B02B8CFe82e7B7cAebc/0xE30feDd158A2e3b13e9badaeABaFc5516e95e8C7,dragonswap,0.003,0.003,0x9f76dB73210b5828B2E63a79e317B75200818dF8,,0x0448bABC4C4cD0bEd21c3B02B8CFe82e7B7cAebc,0xE30feDd158A2e3b13e9badaeABaFc5516e95e8C7,18,18,3,SEIBIDEN,WSEI,0,0,0,,,,,dragonswap,,,,,,,,,,,,,,,,,,,,,,,,,,,,,,,,,
0x0A1B6b4B54660bE0146f2272d00729bB50e6bAA6,0,,80038761,dragonswap 0x2A5c27D551C9256BE40f8Cf0D7c3776D8782d6Bf/0xE30feDd158A2e3b13e9badaeABaFc5516e95e8C7,0x2A5c27D551C9256BE40f8Cf0D7c3776D8782d6Bf/0xE30feDd158A2e3b13e9badaeABaFc5516e95e8C7,dragonswap,0.003,0.003,0x0A1B6b4B54660bE0146f2272d00729bB50e6bAA6,,0x2A5c27D551C9256BE40f8Cf0D7c3776D8782d6Bf,0xE30feDd158A2e3b13e9badaeABaFc5516e95e8C7,18,18,3,STX,WSEI,0,0,0,,,,,dragonswap,,,,,,,,,,,,,,,,,,,,,,,,,,,,,,,,,
0xc9F5cb77E224F03a9C9b019b504D66872301C14f,0,,80055686,dragonswap 0x16458dD2e76e071B2Fe353BdD8cb9ee1FcA06688/0xE30feDd158A2e3b13e9badaeABaFc5516e95e8C7,0x16458dD2e76e071B2Fe353BdD8cb9ee1FcA06688/0xE30feDd158A2e3b13e9badaeABaFc5516e95e8C7,dragonswap,0.003,0.003,0xc9F5cb77E224F03a9C9b019b504D66872301C14f,,0x16458dD2e76e071B2Fe353BdD8cb9ee1FcA06688,0xE30feDd158A2e3b13e9badaeABaFc5516e95e8C7,18,18,3,GOKU,WSEI,0,0,0,,,,,dragonswap,,,,,,,,,,,,,,,,,,,,,,,,,,,,,,,,,
0x1F2c0c349f666c59c7936E1799e888c0c75a811C,0,,80066863,dragonswap 0xc779108f4c9470b78b2951D2679c89A9EB8a39E4/0xE30feDd158A2e3b13e9badaeABaFc5516e95e8C7,0xc779108f4c9470b78b2951D2679c89A9EB8a39E4/0xE30feDd158A2e3b13e9badaeABaFc5516e95e8C7,dragonswap,0.003,0.003,0x1F2c0c349f666c59c7936E1799e888c0c75a811C,,0xc779108f4c9470b78b2951D2679c89A9EB8a39E4,0xE30feDd158A2e3b13e9badaeABaFc5516e95e8C7,18,18,3,SEITH,WSEI,0,0,0,,,,,dragonswap,,,,,,,,,,,,,,,,,,,,,,,,,,,,,,,,,
0xa3201744260B4575C00141dD6933cB9fabb67FE7,0,,80076152,dragonswap 0x48d28b47FdcF9e5286615b685A823aDed83Ba2Bc/0xE30feDd158A2e3b13e9badaeABaFc5516e95e8C7,0x48d28b47FdcF9e5286615b685A823aDed83Ba2Bc/0xE30feDd158A2e3b13e9badaeABaFc5516e95e8C7,dragonswap,0.003,0.003,0xa3201744260B4575C00141dD6933cB9fabb67FE7,,0x48d28b47FdcF9e5286615b685A823aDed83Ba2Bc,0xE30feDd158A2e3b13e9badaeABaFc5516e95e8C7,18,18,3,Bubba,WSEI,0,0,0,,,,,dragonswap,,,,,,,,,,,,,,,,,,,,,,,,,,,,,,,,,
0xd835800183098eC2c36E71A4aAF417eeB4333ec8,0,,80091249,dragonswap 0x91449410Efd76f58bF6ffB41E0e2729C863DB4Cb/0xE30feDd158A2e3b13e9badaeABaFc5516e95e8C7,0x91449410Efd76f58bF6ffB41E0e2729C863DB4Cb/0xE30feDd158A2e3b13e9badaeABaFc5516e95e8C7,dragonswap,0.003,0.003,0xd835800183098eC2c36E71A4aAF417eeB4333ec8,,0x91449410Efd76f58bF6ffB41E0e2729C863DB4Cb,0xE30feDd158A2e3b13e9badaeABaFc5516e95e8C7,18,18,3,SEICAT,WSEI,0,0,0,,,,,dragonswap,,,,,,,,,,,,,,,,,,,,,,,,,,,,,,,,,
0xAC107dB543028fdfd98ee5be53c711E20Bcab249,0,,80094646,dragonswap 0xE30feDd158A2e3b13e9badaeABaFc5516e95e8C7/0xf5eb338960b5424521e86054DBe18ce828B62AaA,0xE30feDd158A2e3b13e9badaeABaFc5516e95e8C7/0xf5eb338960b5424521e86054DBe18ce828B62AaA,dragonswap,0.003,0.003,0xAC107dB543028fdfd98ee5be53c711E20Bcab249,,0xE30feDd158A2e3b13e9badaeABaFc5516e95e8C7,0xf5eb338960b5424521e86054DBe18ce828B62AaA,18,18,3,WSEI,DEX,0,0,0,,,,,dragonswap,,,,,,,,,,,,,,,,,,,,,,,,,,,,,,,,,
0xFe6192C9A673857C633dB235CbB45BCD974D8d03,0,,80096105,dragonswap 0x21770211b478eA47792b75144541b69F1a8C2dB3/0xE30feDd158A2e3b13e9badaeABaFc5516e95e8C7,0x21770211b478eA47792b75144541b69F1a8C2dB3/0xE30feDd158A2e3b13e9badaeABaFc5516e95e8C7,dragonswap,0.003,0.003,0xFe6192C9A673857C633dB235CbB45BCD974D8d03,,0x21770211b478eA47792b75144541b69F1a8C2dB3,0xE30feDd158A2e3b13e9badaeABaFc5516e95e8C7,18,18,3,SEIGA,WSEI,0,0,0,,,,,dragonswap,,,,,,,,,,,,,,,,,,,,,,,,,,,,,,,,,
0xEA61E2a978d7335f7818fA6773504c56d18e610c,0,,80099892,dragonswap 0xdF7b900da0C5a7B2D442d763fDC460DB99Fa77c5/0xE30feDd158A2e3b13e9badaeABaFc5516e95e8C7,0xdF7b900da0C5a7B2D442d763fDC460DB99Fa77c5/0xE30feDd158A2e3b13e9badaeABaFc5516e95e8C7,dragonswap,0.003,0.003,0xEA61E2a978d7335f7818fA6773504c56d18e610c,,0xdF7b900da0C5a7B2D442d763fDC460DB99Fa77c5,0xE30feDd158A2e3b13e9badaeABaFc5516e95e8C7,18,18,3,PUMP,WSEI,0,0,0,,,,,dragonswap,,,,,,,,,,,,,,,,,,,,,,,,,,,,,,,,,
0xA7aB6B1112e5Ed101271d86Da8A1548d10b09400,0,,80101703,dragonswap 0x43b7Befa3Da44009E67a12B30FE46f832Aa23781/0xE30feDd158A2e3b13e9badaeABaFc5516e95e8C7,0x43b7Befa3Da44009E67a12B30FE46f832Aa23781/0xE30feDd158A2e3b13e9badaeABaFc5516e95e8C7,dragonswap,0.003,0.003,0xA7aB6B1112e5Ed101271d86Da8A1548d10b09400,,0x43b7Befa3Da44009E67a12B30FE46f832Aa23781,0xE30feDd158A2e3b13e9badaeABaFc5516e95e8C7,18,18,3,XXX,WSEI,0,0,0,,,,,dragonswap,,,,,,,,,,,,,,,,,,,,,,,,,,,,,,,,,
0xE1faD321907ba7d9551D4e3ADD1498b3152596a9,0,,80102437,dragonswap 0xd9D340Aef433a990294f024aF8934658f525fB8A/0xE30feDd158A2e3b13e9badaeABaFc5516e95e8C7,0xd9D340Aef433a990294f024aF8934658f525fB8A/0xE30feDd158A2e3b13e9badaeABaFc5516e95e8C7,dragonswap,0.003,0.003,0xE1faD321907ba7d9551D4e3ADD1498b3152596a9,,0xd9D340Aef433a990294f024aF8934658f525fB8A,0xE30feDd158A2e3b13e9badaeABaFc5516e95e8C7,18,18,3,YYY,WSEI,0,0,0,,,,,dragonswap,,,,,,,,,,,,,,,,,,,,,,,,,,,,,,,,,
0xfA1b8EB42a140F927D02bE832eB3470f31638B79,0,,80103344,dragonswap 0xb265032D8049984f6A3d8782Aa6770356eAF6c22/0xE30feDd158A2e3b13e9badaeABaFc5516e95e8C7,0xb265032D8049984f6A3d8782Aa6770356eAF6c22/0xE30feDd158A2e3b13e9badaeABaFc5516e95e8C7,dragonswap,0.003,0.003,0xfA1b8EB42a140F927D02bE832eB3470f31638B79,,0xb265032D8049984f6A3d8782Aa6770356eAF6c22,0xE30feDd158A2e3b13e9badaeABaFc5516e95e8C7,18,18,3,JENNER,WSEI,0,0,0,,,,,dragonswap,,,,,,,,,,,,,,,,,,,,,,,,,,,,,,,,,
0xd531DA8cEFaDB3Ed4cb24Bd544B81263C4219C8F,0,,80103948,dragonswap 0x4Df508633f25DdbD29CFAC3206Bbc2dc8B36088f/0xE30feDd158A2e3b13e9badaeABaFc5516e95e8C7,0x4Df508633f25DdbD29CFAC3206Bbc2dc8B36088f/0xE30feDd158A2e3b13e9badaeABaFc5516e95e8C7,dragonswap,0.003,0.003,0xd531DA8cEFaDB3Ed4cb24Bd544B81263C4219C8F,,0x4Df508633f25DdbD29CFAC3206Bbc2dc8B36088f,0xE30feDd158A2e3b13e9badaeABaFc5516e95e8C7,18,18,3,LEO,WSEI,0,0,0,,,,,dragonswap,,,,,,,,,,,,,,,,,,,,,,,,,,,,,,,,,
0x57cC29A5Bf902530C6494331f8B3Ba6C455f4120,0,,80105100,dragonswap 0x90836C2B2362d05D5B31ABaba26B4851ff250d80/0xE30feDd158A2e3b13e9badaeABaFc5516e95e8C7,0x90836C2B2362d05D5B31ABaba26B4851ff250d80/0xE30feDd158A2e3b13e9badaeABaFc5516e95e8C7,dragonswap,0.003,0.003,0x57cC29A5Bf902530C6494331f8B3Ba6C455f4120,,0x90836C2B2362d05D5B31ABaba26B4851ff250d80,0xE30feDd158A2e3b13e9badaeABaFc5516e95e8C7,18,18,3,SEIGOD,WSEI,0,0,0,,,,,dragonswap,,,,,,,,,,,,,,,,,,,,,,,,,,,,,,,,,
0x0f7279F7C5B76197776c53e3A5177089D2B7da87,0,,80113723,dragonswap 0x8f95416f1f7403c11d620a885d66C1E020eD848A/0xE30feDd158A2e3b13e9badaeABaFc5516e95e8C7,0x8f95416f1f7403c11d620a885d66C1E020eD848A/0xE30feDd158A2e3b13e9badaeABaFc5516e95e8C7,dragonswap,0.003,0.003,0x0f7279F7C5B76197776c53e3A5177089D2B7da87,,0x8f95416f1f7403c11d620a885d66C1E020eD848A,0xE30feDd158A2e3b13e9badaeABaFc5516e95e8C7,18,18,3,SEILOR,WSEI,0,0,0,,,,,dragonswap,,,,,,,,,,,,,,,,,,,,,,,,,,,,,,,,,
0x5056148AA023adEEcE7EBa0FB2d9668007B6Fc8E,0,,80139185,dragonswap 0x806DC9543AA76e7768d75aD5e1d57dc5E114F20a/0xE30feDd158A2e3b13e9badaeABaFc5516e95e8C7,0x806DC9543AA76e7768d75aD5e1d57dc5E114F20a/0xE30feDd158A2e3b13e9badaeABaFc5516e95e8C7,dragonswap,0.003,0.003,0x5056148AA023adEEcE7EBa0FB2d9668007B6Fc8E,,0x806DC9543AA76e7768d75aD5e1d57dc5E114F20a,0xE30feDd158A2e3b13e9badaeABaFc5516e95e8C7,18,18,3,$MELON,WSEI,0,0,0,,,,,dragonswap,,,,,,,,,,,,,,,,,,,,,,,,,,,,,,,,,
0xF1d35dF54a1247b047A52F8acc2359b415Ba8A9a,0,,80139274,dragonswap 0x95597EB8D227a7c4B4f5E807a815C5178eE6dBE1/0xE30feDd158A2e3b13e9badaeABaFc5516e95e8C7,0x95597EB8D227a7c4B4f5E807a815C5178eE6dBE1/0xE30feDd158A2e3b13e9badaeABaFc5516e95e8C7,dragonswap,0.003,0.003,0xF1d35dF54a1247b047A52F8acc2359b415Ba8A9a,,0x95597EB8D227a7c4B4f5E807a815C5178eE6dBE1,0xE30feDd158A2e3b13e9badaeABaFc5516e95e8C7,6,18,3,MILLI,WSEI,0,0,0,,,,,dragonswap,,,,,,,,,,,,,,,,,,,,,,,,,,,,,,,,,
0xdb26a806BeedBadb7c04dDACdfDb3bD9c1ff7132,0,,80150923,dragonswap 0x9d2A7D7923F52D6c59Eaeac60f72059F21c7f097/0xE30feDd158A2e3b13e9badaeABaFc5516e95e8C7,0x9d2A7D7923F52D6c59Eaeac60f72059F21c7f097/0xE30feDd158A2e3b13e9badaeABaFc5516e95e8C7,dragonswap,0.003,0.003,0xdb26a806BeedBadb7c04dDACdfDb3bD9c1ff7132,,0x9d2A7D7923F52D6c59Eaeac60f72059F21c7f097,0xE30feDd158A2e3b13e9badaeABaFc5516e95e8C7,18,18,3,TestL,WSEI,0,0,0,,,,,dragonswap,,,,,,,,,,,,,,,,,,,,,,,,,,,,,,,,,
0xd7aeb64dE35eEfBFD6D9a3f1D9374123332dF129,0,,80156403,dragonswap 0xB43b9EAEdaDe46a9447e3081E4893C462B06f2c5/0xE30feDd158A2e3b13e9badaeABaFc5516e95e8C7,0xB43b9EAEdaDe46a9447e3081E4893C462B06f2c5/0xE30feDd158A2e3b13e9badaeABaFc5516e95e8C7,dragonswap,0.003,0.003,0xd7aeb64dE35eEfBFD6D9a3f1D9374123332dF129,,0xB43b9EAEdaDe46a9447e3081E4893C462B06f2c5,0xE30feDd158A2e3b13e9badaeABaFc5516e95e8C7,18,18,3,SEIMAX,WSEI,0,0,0,,,,,dragonswap,,,,,,,,,,,,,,,,,,,,,,,,,,,,,,,,,
0x99a4081c2F8A4B29b110d175f909470b2084eb1B,0,,80164824,dragonswap 0x5BfE8991368cac4B6dbf41e13bE3f0E1de50F5ea/0xE30feDd158A2e3b13e9badaeABaFc5516e95e8C7,0x5BfE8991368cac4B6dbf41e13bE3f0E1de50F5ea/0xE30feDd158A2e3b13e9badaeABaFc5516e95e8C7,dragonswap,0.003,0.003,0x99a4081c2F8A4B29b110d175f909470b2084eb1B,,0x5BfE8991368cac4B6dbf41e13bE3f0E1de50F5ea,0xE30feDd158A2e3b13e9badaeABaFc5516e95e8C7,18,18,3,GOLD,WSEI,0,0,0,,,,,dragonswap,,,,,,,,,,,,,,,,,,,,,,,,,,,,,,,,,
0xfE15FDEa880354C59cb73273428B54BcBA87B267,0,,80165385,dragonswap 0x5EC45F18cDE6c8926A337E1C201d03A6f29a5604/0xE30feDd158A2e3b13e9badaeABaFc5516e95e8C7,0x5EC45F18cDE6c8926A337E1C201d03A6f29a5604/0xE30feDd158A2e3b13e9badaeABaFc5516e95e8C7,dragonswap,0.003,0.003,0xfE15FDEa880354C59cb73273428B54BcBA87B267,,0x5EC45F18cDE6c8926A337E1C201d03A6f29a5604,0xE30feDd158A2e3b13e9badaeABaFc5516e95e8C7,18,18,3,GOLD,WSEI,0,0,0,,,,,dragonswap,,,,,,,,,,,,,,,,,,,,,,,,,,,,,,,,,
0x6616DA41F47b8572317A6692eADe61D7d1C2733D,0,,80166114,dragonswap 0x65008765cCDdF753DeFEdd0F05f81F2b5c1350E7/0xE30feDd158A2e3b13e9badaeABaFc5516e95e8C7,0x65008765cCDdF753DeFEdd0F05f81F2b5c1350E7/0xE30feDd158A2e3b13e9badaeABaFc5516e95e8C7,dragonswap,0.003,0.003,0x6616DA41F47b8572317A6692eADe61D7d1C2733D,,0x65008765cCDdF753DeFEdd0F05f81F2b5c1350E7,0xE30feDd158A2e3b13e9badaeABaFc5516e95e8C7,18,18,3,LOL,WSEI,0,0,0,,,,,dragonswap,,,,,,,,,,,,,,,,,,,,,,,,,,,,,,,,,
0x589ef0F36177f9Fb9852dFbcCBDBA77df898D72F,0,,80166363,dragonswap 0xcB4BFaA31EB142784220b962298b506487351d72/0xE30feDd158A2e3b13e9badaeABaFc5516e95e8C7,0xcB4BFaA31EB142784220b962298b506487351d72/0xE30feDd158A2e3b13e9badaeABaFc5516e95e8C7,dragonswap,0.003,0.003,0x589ef0F36177f9Fb9852dFbcCBDBA77df898D72F,,0xcB4BFaA31EB142784220b962298b506487351d72,0xE30feDd158A2e3b13e9badaeABaFc5516e95e8C7,18,18,3,NINJA,WSEI,0,0,0,,,,,dragonswap,,,,,,,,,,,,,,,,,,,,,,,,,,,,,,,,,
0x981210e4A069132F394c36D1424b60406B6C9D5F,0,,80190369,dragonswap 0x8A6e949E83e0b1262AE64CbfB7680d1c53243DDf/0xE30feDd158A2e3b13e9badaeABaFc5516e95e8C7,0x8A6e949E83e0b1262AE64CbfB7680d1c53243DDf/0xE30feDd158A2e3b13e9badaeABaFc5516e95e8C7,dragonswap,0.003,0.003,0x981210e4A069132F394c36D1424b60406B6C9D5F,,0x8A6e949E83e0b1262AE64CbfB7680d1c53243DDf,0xE30feDd158A2e3b13e9badaeABaFc5516e95e8C7,18,18,3,OMNOM,WSEI,0,0,0,,,,,dragonswap,,,,,,,,,,,,,,,,,,,,,,,,,,,,,,,,,
0x069cb6495C3Eb9b5fD91eEaE5Ed6C67C6923748c,0,,80203816,dragonswap 0x0E0cc95Af1E14b9cEabefC8d7D81f02547841008/0xE30feDd158A2e3b13e9badaeABaFc5516e95e8C7,0x0E0cc95Af1E14b9cEabefC8d7D81f02547841008/0xE30feDd158A2e3b13e9badaeABaFc5516e95e8C7,dragonswap,0.003,0.003,0x069cb6495C3Eb9b5fD91eEaE5Ed6C67C6923748c,,0x0E0cc95Af1E14b9cEabefC8d7D81f02547841008,0xE30feDd158A2e3b13e9badaeABaFc5516e95e8C7,18,18,3,seibot,WSEI,0,0,0,,,,,dragonswap,,,,,,,,,,,,,,,,,,,,,,,,,,,,,,,,,
0x0b0C41D8f645c8979e0052Ebaf0fc195230d21A2,0,,80206664,dragonswap 0xA8D9e39b5E19cf2FEF856cCF229b71a8512f93F1/0xE30feDd158A2e3b13e9badaeABaFc5516e95e8C7,0xA8D9e39b5E19cf2FEF856cCF229b71a8512f93F1/0xE30feDd158A2e3b13e9badaeABaFc5516e95e8C7,dragonswap,0.003,0.003,0x0b0C41D8f645c8979e0052Ebaf0fc195230d21A2,,0xA8D9e39b5E19cf2FEF856cCF229b71a8512f93F1,0xE30feDd158A2e3b13e9badaeABaFc5516e95e8C7,18,18,3,schat,WSEI,0,0,0,,,,,dragonswap,,,,,,,,,,,,,,,,,,,,,,,,,,,,,,,,,
0x5ADEfA8939e8342f2b3c5B549Af3A252F68C0487,0,,80210059,dragonswap 0x7044547a23D7C432E21A25AA07EB9494d09e4CE7/0xE30feDd158A2e3b13e9badaeABaFc5516e95e8C7,0x7044547a23D7C432E21A25AA07EB9494d09e4CE7/0xE30feDd158A2e3b13e9badaeABaFc5516e95e8C7,dragonswap,0.003,0.003,0x5ADEfA8939e8342f2b3c5B549Af3A252F68C0487,,0x7044547a23D7C432E21A25AA07EB9494d09e4CE7,0xE30feDd158A2e3b13e9badaeABaFc5516e95e8C7,18,18,3,SEIBOT,WSEI,0,0,0,,,,,dragonswap,,,,,,,,,,,,,,,,,,,,,,,,,,,,,,,,,
0x90617b6A44cf886dA32150C225A73bDd374bEe46,0,,80211971,dragonswap 0xA0e7baCc28eB9675C698fEEa8fEF6c873D87d331/0xE30feDd158A2e3b13e9badaeABaFc5516e95e8C7,0xA0e7baCc28eB9675C698fEEa8fEF6c873D87d331/0xE30feDd158A2e3b13e9badaeABaFc5516e95e8C7,dragonswap,0.003,0.003,0x90617b6A44cf886dA32150C225A73bDd374bEe46,,0xA0e7baCc28eB9675C698fEEa8fEF6c873D87d331,0xE30feDd158A2e3b13e9badaeABaFc5516e95e8C7,18,18,3,Nako,WSEI,0,0,0,,,,,dragonswap,,,,,,,,,,,,,,,,,,,,,,,,,,,,,,,,,
0x947262815f38498635239E1b890Eae7626A6f6CF,0,,80227992,dragonswap 0xE30feDd158A2e3b13e9badaeABaFc5516e95e8C7/0xE4012CDe11Bad7f3979cd6E3F096E2A0bF55Ce4C,0xE30feDd158A2e3b13e9badaeABaFc5516e95e8C7/0xE4012CDe11Bad7f3979cd6E3F096E2A0bF55Ce4C,dragonswap,0.003,0.003,0x947262815f38498635239E1b890Eae7626A6f6CF,,0xE30feDd158A2e3b13e9badaeABaFc5516e95e8C7,0xE4012CDe11Bad7f3979cd6E3F096E2A0bF55Ce4C,18,10,3,WSEI,kkwd,0,0,0,,,,,dragonswap,,,,,,,,,,,,,,,,,,,,,,,,,,,,,,,,,
0x74D540dC5DF5405185486E6E77eD573cE5622264,0,,80374570,dragonswap 0x066B0B442Cd548eDC21120407348282a3865d75D/0xE30feDd158A2e3b13e9badaeABaFc5516e95e8C7,0x066B0B442Cd548eDC21120407348282a3865d75D/0xE30feDd158A2e3b13e9badaeABaFc5516e95e8C7,dragonswap,0.003,0.003,0x74D540dC5DF5405185486E6E77eD573cE5622264,,0x066B0B442Cd548eDC21120407348282a3865d75D,0xE30feDd158A2e3b13e9badaeABaFc5516e95e8C7,18,18,3,Plinko,WSEI,0,0,0,,,,,dragonswap,,,,,,,,,,,,,,,,,,,,,,,,,,,,,,,,,
0x3eD1D5c9FfEb6782Ac5E272a974868E248e9CA25,0,,80412632,dragonswap 0xB629b01A0b3Be5fDab174464507B37C67c3c6084/0xE30feDd158A2e3b13e9badaeABaFc5516e95e8C7,0xB629b01A0b3Be5fDab174464507B37C67c3c6084/0xE30feDd158A2e3b13e9badaeABaFc5516e95e8C7,dragonswap,0.003,0.003,0x3eD1D5c9FfEb6782Ac5E272a974868E248e9CA25,,0xB629b01A0b3Be5fDab174464507B37C67c3c6084,0xE30feDd158A2e3b13e9badaeABaFc5516e95e8C7,18,18,3,HOOD,WSEI,0,0,0,,,,,dragonswap,,,,,,,,,,,,,,,,,,,,,,,,,,,,,,,,,
0x7C7425B3a3d6bA81C8fAC004798E8aA0aE7F7bfC,0,,80523548,dragonswap 0x97814927941c156DE2dc74aE181fF9ab661DF85e/0xE30feDd158A2e3b13e9badaeABaFc5516e95e8C7,0x97814927941c156DE2dc74aE181fF9ab661DF85e/0xE30feDd158A2e3b13e9badaeABaFc5516e95e8C7,dragonswap,0.003,0.003,0x7C7425B3a3d6bA81C8fAC004798E8aA0aE7F7bfC,,0x97814927941c156DE2dc74aE181fF9ab661DF85e,0xE30feDd158A2e3b13e9badaeABaFc5516e95e8C7,18,18,3,TEST,WSEI,0,0,0,,,,,dragonswap,,,,,,,,,,,,,,,,,,,,,,,,,,,,,,,,,
0x7dEC1E17DF90508151D51848FBefe9209f16029C,0,,80590251,dragonswap 0x5Cf6826140C1C56Ff49C808A1A75407Cd1DF9423/0x99B85E9dFFfed176E46a3bE009ab9f9FE6AE59ed,0x5Cf6826140C1C56Ff49C808A1A75407Cd1DF9423/0x99B85E9dFFfed176E46a3bE009ab9f9FE6AE59ed,dragonswap,0.003,0.003,0x7dEC1E17DF90508151D51848FBefe9209f16029C,,0x5Cf6826140C1C56Ff49C808A1A75407Cd1DF9423,0x99B85E9dFFfed176E46a3bE009ab9f9FE6AE59ed,6,18,3,iSEI,OS,0,0,0,,,,,dragonswap,,,,,,,,,,,,,,,,,,,,,,,,,,,,,,,,,
0x8Cc4265055EE2c85b59A544b7B9ef7f9d9A14aaD,0,,80596975,dragonswap 0x8905eE0c15692ecdF7147BA70243c5205c991e43/0xE30feDd158A2e3b13e9badaeABaFc5516e95e8C7,0x8905eE0c15692ecdF7147BA70243c5205c991e43/0xE30feDd158A2e3b13e9badaeABaFc5516e95e8C7,dragonswap,0.003,0.003,0x8Cc4265055EE2c85b59A544b7B9ef7f9d9A14aaD,,0x8905eE0c15692ecdF7147BA70243c5205c991e43,0xE30feDd158A2e3b13e9badaeABaFc5516e95e8C7,18,18,3,MAGAMANSEI,WSEI,0,0,0,,,,,dragonswap,,,,,,,,,,,,,,,,,,,,,,,,,,,,,,,,,
0xb6d8644bBEBAc2FDeF2092D552a7478e2AB7cc86,0,,80636493,dragonswap 0xd440676E8804F9e20a59006e55B3e5eA527723c5/0xE30feDd158A2e3b13e9badaeABaFc5516e95e8C7,0xd440676E8804F9e20a59006e55B3e5eA527723c5/0xE30feDd158A2e3b13e9badaeABaFc5516e95e8C7,dragonswap,0.003,0.003,0xb6d8644bBEBAc2FDeF2092D552a7478e2AB7cc86,,0xd440676E8804F9e20a59006e55B3e5eA527723c5,0xE30feDd158A2e3b13e9badaeABaFc5516e95e8C7,18,18,3,SEITARD,WSEI,0,0,0,,,,,dragonswap,,,,,,,,,,,,,,,,,,,,,,,,,,,,,,,,,
0xB63B805d2aC2E326b66f918396E2c962a613474A,0,,80639795,dragonswap 0x8A6e949E83e0b1262AE64CbfB7680d1c53243DDf/0xea02da1F5dBD088F00Aa2fd3b5bDF59dfc896792,0x8A6e949E83e0b1262AE64CbfB7680d1c53243DDf/0xea02da1F5dBD088F00Aa2fd3b5bDF59dfc896792,dragonswap,0.003,0.003,0xB63B805d2aC2E326b66f918396E2c962a613474A,,0x8A6e949E83e0b1262AE64CbfB7680d1c53243DDf,0xea02da1F5dBD088F00Aa2fd3b5bDF59dfc896792,18,18,3,OMNOM,MAGA,0,0,0,,,,,dragonswap,,,,,,,,,,,,,,,,,,,,,,,,,,,,,,,,,
0x72851Ec7810bF8C270514726818Ba5bFEaDce623,0,,80645079,dragonswap 0x34265B922980A8D3b18f26BccAcad99becc0CbA4/0xE30feDd158A2e3b13e9badaeABaFc5516e95e8C7,0x34265B922980A8D3b18f26BccAcad99becc0CbA4/0xE30feDd158A2e3b13e9badaeABaFc5516e95e8C7,dragonswap,0.003,0.003,0x72851Ec7810bF8C270514726818Ba5bFEaDce623,,0x34265B922980A8D3b18f26BccAcad99becc0CbA4,0xE30feDd158A2e3b13e9badaeABaFc5516e95e8C7,18,18,3,SEIGEN,WSEI,0,0,0,,,,,dragonswap,,,,,,,,,,,,,,,,,,,,,,,,,,,,,,,,,
0x73403b4Fb62F9Ef8A9Ef44a3999b1C3Dcd771E8f,0,,80657538,dragonswap 0x10Be3dD30665D474Da90C271F36fD96AeCb97962/0xE30feDd158A2e3b13e9badaeABaFc5516e95e8C7,0x10Be3dD30665D474Da90C271F36fD96AeCb97962/0xE30feDd158A2e3b13e9badaeABaFc5516e95e8C7,dragonswap,0.003,0.003,0x73403b4Fb62F9Ef8A9Ef44a3999b1C3Dcd771E8f,,0x10Be3dD30665D474Da90C271F36fD96AeCb97962,0xE30feDd158A2e3b13e9badaeABaFc5516e95e8C7,18,18,3,SEIMURAI,WSEI,0,0,0,,,,,dragonswap,,,,,,,,,,,,,,,,,,,,,,,,,,,,,,,,,
0x60B89C20C377734e9639112AAAcB9e7D9204a661,0,,80662195,dragonswap 0xE30feDd158A2e3b13e9badaeABaFc5516e95e8C7/0xF441317360a47f8ccDBd1444BfA98A8957498319,0xE30feDd158A2e3b13e9badaeABaFc5516e95e8C7/0xF441317360a47f8ccDBd1444BfA98A8957498319,dragonswap,0.003,0.003,0x60B89C20C377734e9639112AAAcB9e7D9204a661,,0xE30feDd158A2e3b13e9badaeABaFc5516e95e8C7,0xF441317360a47f8ccDBd1444BfA98A8957498319,18,6,3,WSEI,factory/sei139gxrlzt90khvv63uxcsxu7p5njdx85hx40u8z/meow,0,0,0,,,,,dragonswap,,,,,,,,,,,,,,,,,,,,,,,,,,,,,,,,,
0x3fef8ED2130f4e789A07974655Fa85C804C3b476,0,,80695442,dragonswap 0xc507525CDa6EB301517c1c95F0f07334f25B970e/0xE30feDd158A2e3b13e9badaeABaFc5516e95e8C7,0xc507525CDa6EB301517c1c95F0f07334f25B970e/0xE30feDd158A2e3b13e9badaeABaFc5516e95e8C7,dragonswap,0.003,0.003,0x3fef8ED2130f4e789A07974655Fa85C804C3b476,,0xc507525CDa6EB301517c1c95F0f07334f25B970e,0xE30feDd158A2e3b13e9badaeABaFc5516e95e8C7,18,18,3,Dragon,WSEI,0,0,0,,,,,dragonswap,,,,,,,,,,,,,,,,,,,,,,,,,,,,,,,,,
0xcbb4A56cFa3E28a3144968e45B6dbB91946d9aFB,0,,80755446,dragonswap 0x0E214DDD756eFDC4d556E42D92D11D03e83F8045/0xE30feDd158A2e3b13e9badaeABaFc5516e95e8C7,0x0E214DDD756eFDC4d556E42D92D11D03e83F8045/0xE30feDd158A2e3b13e9badaeABaFc5516e95e8C7,dragonswap,0.003,0.003,0xcbb4A56cFa3E28a3144968e45B6dbB91946d9aFB,,0x0E214DDD756eFDC4d556E42D92D11D03e83F8045,0xE30feDd158A2e3b13e9badaeABaFc5516e95e8C7,18,18,3,SEIMURAI,WSEI,0,0,0,,,,,dragonswap,,,,,,,,,,,,,,,,,,,,,,,,,,,,,,,,,
0x14bb967270f2F25b1f24e42BB7fa2722BA012ad2,0,,80939247,dragonswap 0x84c7b465170DD6533a30a95150029121904310C9/0xE30feDd158A2e3b13e9badaeABaFc5516e95e8C7,0x84c7b465170DD6533a30a95150029121904310C9/0xE30feDd158A2e3b13e9badaeABaFc5516e95e8C7,dragonswap,0.003,0.003,0x14bb967270f2F25b1f24e42BB7fa2722BA012ad2,,0x84c7b465170DD6533a30a95150029121904310C9,0xE30feDd158A2e3b13e9badaeABaFc5516e95e8C7,18,18,3,FIN,WSEI,0,0,0,,,,,dragonswap,,,,,,,,,,,,,,,,,,,,,,,,,,,,,,,,,
0x1164cb64477dC06d533C4d8905D76AdEb5adbb94,0,,81235235,dragonswap 0x5Cf6826140C1C56Ff49C808A1A75407Cd1DF9423/0x5f0E07dFeE5832Faa00c63F2D33A0D79150E8598,0x5Cf6826140C1C56Ff49C808A1A75407Cd1DF9423/0x5f0E07dFeE5832Faa00c63F2D33A0D79150E8598,dragonswap,0.003,0.003,0x1164cb64477dC06d533C4d8905D76AdEb5adbb94,,0x5Cf6826140C1C56Ff49C808A1A75407Cd1DF9423,0x5f0E07dFeE5832Faa00c63F2D33A0D79150E8598,6,6,3,iSEI,SEIYAN,0,0,0,,,,,dragonswap,,,,,,,,,,,,,,,,,,,,,,,,,,,,,,,,,
0x91101694EF34153D8Dd05760EC2542dE2E5A29b2,0,,81650206,dragonswap 0x10B330c6c5549499401b3cc15b38e6eCD3063e54/0xE30feDd158A2e3b13e9badaeABaFc5516e95e8C7,0x10B330c6c5549499401b3cc15b38e6eCD3063e54/0xE30feDd158A2e3b13e9badaeABaFc5516e95e8C7,dragonswap,0.003,0.003,0x91101694EF34153D8Dd05760EC2542dE2E5A29b2,,0x10B330c6c5549499401b3cc15b38e6eCD3063e54,0xE30feDd158A2e3b13e9badaeABaFc5516e95e8C7,18,18,3,$PUMP,WSEI,0,0,0,,,,,dragonswap,,,,,,,,,,,,,,,,,,,,,,,,,,,,,,,,,
0x6c7CF433C3FB2e70fc1A4a23a74dc55317923622,0,,82256119,dragonswap 0x0647bC2dCc7AD55Dd9718c918631b019d883199a/0xE30feDd158A2e3b13e9badaeABaFc5516e95e8C7,0x0647bC2dCc7AD55Dd9718c918631b019d883199a/0xE30feDd158A2e3b13e9badaeABaFc5516e95e8C7,dragonswap,0.003,0.003,0x6c7CF433C3FB2e70fc1A4a23a74dc55317923622,,0x0647bC2dCc7AD55Dd9718c918631b019d883199a,0xE30feDd158A2e3b13e9badaeABaFc5516e95e8C7,18,18,3,SAY,WSEI,0,0,0,,,,,dragonswap,,,,,,,,,,,,,,,,,,,,,,,,,,,,,,,,,
0xAA034d77A5cE5C727C73814f0f2920e277eb9875,0,,82330954,dragonswap 0xDD7d5e4Ea2125d43C16eEd8f1FFeFffa2F4b4aF6/0xE30feDd158A2e3b13e9badaeABaFc5516e95e8C7,0xDD7d5e4Ea2125d43C16eEd8f1FFeFffa2F4b4aF6/0xE30feDd158A2e3b13e9badaeABaFc5516e95e8C7,dragonswap,0.003,0.003,0xAA034d77A5cE5C727C73814f0f2920e277eb9875,,0xDD7d5e4Ea2125d43C16eEd8f1FFeFffa2F4b4aF6,0xE30feDd158A2e3b13e9badaeABaFc5516e95e8C7,18,18,3,JLY,WSEI,0,0,0,,,,,dragonswap,,,,,,,,,,,,,,,,,,,,,,,,,,,,,,,,,
0x53Cb136Ab3E30164f88e369857Cb639a9A2d3C99,0,,82510198,dragonswap 0x5Cf6826140C1C56Ff49C808A1A75407Cd1DF9423/0xC6BC81A0E287cC8103cC002147a9d76caE4cD6E5,0x5Cf6826140C1C56Ff49C808A1A75407Cd1DF9423/0xC6BC81A0E287cC8103cC002147a9d76caE4cD6E5,dragonswap,0.003,0.003,0x53Cb136Ab3E30164f88e369857Cb639a9A2d3C99,,0x5Cf6826140C1C56Ff49C808A1A75407Cd1DF9423,0xC6BC81A0E287cC8103cC002147a9d76caE4cD6E5,6,18,3,iSEI,BALLZ,0,0,0,,,,,dragonswap,,,,,,,,,,,,,,,,,,,,,,,,,,,,,,,,,
0xf98be635FAaE35D63EB707996168344DbB07456f,0,,82787980,dragonswap 0x0507198396B642892fc6f33d3a1F3Ad430dE8811/0xE30feDd158A2e3b13e9badaeABaFc5516e95e8C7,0x0507198396B642892fc6f33d3a1F3Ad430dE8811/0xE30feDd158A2e3b13e9badaeABaFc5516e95e8C7,dragonswap,0.003,0.003,0xf98be635FAaE35D63EB707996168344DbB07456f,,0x0507198396B642892fc6f33d3a1F3Ad430dE8811,0xE30feDd158A2e3b13e9badaeABaFc5516e95e8C7,18,18,3,GOLDTEST,WSEI,0,0,0,,,,,dragonswap,,,,,,,,,,,,,,,,,,,,,,,,,,,,,,,,,
0xF9178E657Ea7eDD21a8Cae08a67F63E6C8b472C3,0,,82985933,dragonswap 0x6B92994f5d5D7D36608BDeD50724282F1E58FBB1/0xE30feDd158A2e3b13e9badaeABaFc5516e95e8C7,0x6B92994f5d5D7D36608BDeD50724282F1E58FBB1/0xE30feDd158A2e3b13e9badaeABaFc5516e95e8C7,dragonswap,0.003,0.003,0xF9178E657Ea7eDD21a8Cae08a67F63E6C8b472C3,,0x6B92994f5d5D7D36608BDeD50724282F1E58FBB1,0xE30feDd158A2e3b13e9badaeABaFc5516e95e8C7,18,18,3,NINJA,WSEI,0,0,0,,,,,dragonswap,,,,,,,,,,,,,,,,,,,,,,,,,,,,,,,,,
0x0b753D724D6bF20E664a9C9f645783Fcb92624e4,0,,83231917,dragonswap 0xD049e189ACC1873BCa8c0a314d6B26835684Fb89/0xE30feDd158A2e3b13e9badaeABaFc5516e95e8C7,0xD049e189ACC1873BCa8c0a314d6B26835684Fb89/0xE30feDd158A2e3b13e9badaeABaFc5516e95e8C7,dragonswap,0.003,0.003,0x0b753D724D6bF20E664a9C9f645783Fcb92624e4,,0xD049e189ACC1873BCa8c0a314d6B26835684Fb89,0xE30feDd158A2e3b13e9badaeABaFc5516e95e8C7,6,18,3,RED,WSEI,0,0,0,,,,,dragonswap,,,,,,,,,,,,,,,,,,,,,,,,,,,,,,,,,
0xB56636bb80178eC767FcBa4C95634E4CBF0753b2,0,,79353777,uni_v2_unknown 0x17fe1101aF2dAB1aF0317d1ad1BD66cD06Da4B5c/0xE30feDd158A2e3b13e9badaeABaFc5516e95e8C7,0x17fe1101aF2dAB1aF0317d1ad1BD66cD06Da4B5c/0xE30feDd158A2e3b13e9badaeABaFc5516e95e8C7,uni_v2_unknown,0.003,0.003,0xB56636bb80178eC767FcBa4C95634E4CBF0753b2,,0x17fe1101aF2dAB1aF0317d1ad1BD66cD06Da4B5c,0xE30feDd158A2e3b13e9badaeABaFc5516e95e8C7,18,18,3,SEIPEPE,WSEI,0,0,0,,,,,uni_v2_unknown,,,,,,,,,,,,,,,,,,,,,,,,,,,,,,,,,
0x095202ED62E0362571aED15B985326230F8AB6bB,0,,79354084,uni_v2_unknown 0x6617fa7fB37e2B069aAA4994a2976defBAf5Cfd1/0xE30feDd158A2e3b13e9badaeABaFc5516e95e8C7,0x6617fa7fB37e2B069aAA4994a2976defBAf5Cfd1/0xE30feDd158A2e3b13e9badaeABaFc5516e95e8C7,uni_v2_unknown,0.003,0.003,0x095202ED62E0362571aED15B985326230F8AB6bB,,0x6617fa7fB37e2B069aAA4994a2976defBAf5Cfd1,0xE30feDd158A2e3b13e9badaeABaFc5516e95e8C7,18,18,3,DTIS,WSEI,0,0,0,,,,,uni_v2_unknown,,,,,,,,,,,,,,,,,,,,,,,,,,,,,,,,,
0x3d40C4d3D0110840130e92F150e81CFC0E53242a,0,,79355410,uni_v2_unknown 0x263090D507377F47E944C4dA0d4Ed2EEbeCF59dd/0xE30feDd158A2e3b13e9badaeABaFc5516e95e8C7,0x263090D507377F47E944C4dA0d4Ed2EEbeCF59dd/0xE30feDd158A2e3b13e9badaeABaFc5516e95e8C7,uni_v2_unknown,0.003,0.003,0x3d40C4d3D0110840130e92F150e81CFC0E53242a,,0x263090D507377F47E944C4dA0d4Ed2EEbeCF59dd,0xE30feDd158A2e3b13e9badaeABaFc5516e95e8C7,18,18,3,SeilorV2,WSEI,0,0,0,,,,,uni_v2_unknown,,,,,,,,,,,,,,,,,,,,,,,,,,,,,,,,,
0x52b67c568e1145A2ef2aEf075ee0c3E0b0f59D54,0,,79355505,uni_v2_unknown 0x5d942D4B8648D7B3B6E26b30145e70E64529F068/0xE30feDd158A2e3b13e9badaeABaFc5516e95e8C7,0x5d942D4B8648D7B3B6E26b30145e70E64529F068/0xE30feDd158A2e3b13e9badaeABaFc5516e95e8C7,uni_v2_unknown,0.003,0.003,0x52b67c568e1145A2ef2aEf075ee0c3E0b0f59D54,,0x5d942D4B8648D7B3B6E26b30145e70E64529F068,0xE30feDd158A2e3b13e9badaeABaFc5516e95e8C7,18,18,3,PHROG,WSEI,0,0,0,,,,,uni_v2_unknown,,,,,,,,,,,,,,,,,,,,,,,,,,,,,,,,,
0xe46d29472837D8e864c6a1422A04E51EF3287373,0,,79355614,uni_v2_unknown 0x0CfbB609AEfe80812DC503C1A4a1DC08098A2f25/0xE30feDd158A2e3b13e9badaeABaFc5516e95e8C7,0x0CfbB609AEfe80812DC503C1A4a1DC08098A2f25/0xE30feDd158A2e3b13e9badaeABaFc5516e95e8C7,uni_v2_unknown,0.003,0.003,0xe46d29472837D8e864c6a1422A04E51EF3287373,,0x0CfbB609AEfe80812DC503C1A4a1DC08098A2f25,0xE30feDd158A2e3b13e9badaeABaFc5516e95e8C7,18,18,3,STN,WSEI,0,0,0,,,,,uni_v2_unknown,,,,,,,,,,,,,,,,,,,,,,,,,,,,,,,,,
0x8e8156575fEb24B831e1BcAC940F366572641F9D,0,,79355831,uni_v2_unknown 0x63eB2D32Ee3bc341508B521d5954C80Bb6deC392/0xE30feDd158A2e3b13e9badaeABaFc5516e95e8C7,0x63eB2D32Ee3bc341508B521d5954C80Bb6deC392/0xE30feDd158A2e3b13e9badaeABaFc5516e95e8C7,uni_v2_unknown,0.003,0.003,0x8e8156575fEb24B831e1BcAC940F366572641F9D,,0x63eB2D32Ee3bc341508B521d5954C80Bb6deC392,0xE30feDd158A2e3b13e9badaeABaFc5516e95e8C7,18,18,3,SeiTrump,WSEI,0,0,0,,,,,uni_v2_unknown,,,,,,,,,,,,,,,,,,,,,,,,,,,,,,,,,
0xffd03B0D50a212Fa205757a998b29b1EB0256f01,0,,79359863,uni_v2_unknown 0x383375d7C53350ef61005aBE8E366Bc140aC18eC/0xE30feDd158A2e3b13e9badaeABaFc5516e95e8C7,0x383375d7C53350ef61005aBE8E366Bc140aC18eC/0xE30feDd158A2e3b13e9badaeABaFc5516e95e8C7,uni_v2_unknown,0.003,0.003,0xffd03B0D50a212Fa205757a998b29b1EB0256f01,,0x383375d7C53350ef61005aBE8E366Bc140aC18eC,0xE30feDd158A2e3b13e9badaeABaFc5516e95e8C7,18,18,3,BRETT,WSEI,0,0,0,,,,,uni_v2_unknown,,,,,,,,,,,,,,,,,,,,,,,,,,,,,,,,,
0x029dAb7D8270ab5120bEE56f7D8214e9DB4F2389,0,,79363330,uni_v2_unknown 0x9F3b4b97BC64769f2A8c2E64859bd3dA4D099bbe/0xE30feDd158A2e3b13e9badaeABaFc5516e95e8C7,0x9F3b4b97BC64769f2A8c2E64859bd3dA4D099bbe/0xE30feDd158A2e3b13e9badaeABaFc5516e95e8C7,uni_v2_unknown,0.003,0.003,0x029dAb7D8270ab5120bEE56f7D8214e9DB4F2389,,0x9F3b4b97BC64769f2A8c2E64859bd3dA4D099bbe,0xE30feDd158A2e3b13e9badaeABaFc5516e95e8C7,18,18,3,SORT,WSEI,0,0,0,,,,,uni_v2_unknown,,,,,,,,,,,,,,,,,,,,,,,,,,,,,,,,,
0xF78b90B392946070e9c407eAfa83b178Ef93F065,0,,79363599,uni_v2_unknown 0x0a9D0E80B42801786e929e43f0811005F217fba3/0xE30feDd158A2e3b13e9badaeABaFc5516e95e8C7,0x0a9D0E80B42801786e929e43f0811005F217fba3/0xE30feDd158A2e3b13e9badaeABaFc5516e95e8C7,uni_v2_unknown,0.003,0.003,0xF78b90B392946070e9c407eAfa83b178Ef93F065,,0x0a9D0E80B42801786e929e43f0811005F217fba3,0xE30feDd158A2e3b13e9badaeABaFc5516e95e8C7,9,18,3,SEITAMA,WSEI,0,0,0,,,,,uni_v2_unknown,,,,,,,,,,,,,,,,,,,,,,,,,,,,,,,,,
0xE2e3986185bbe59b77e6567190d27D59B9c4C62a,0,,79365158,uni_v2_unknown 0x8c312c3a5a1963F14d450Eb12AcDCe1C3667Ac03/0xE30feDd158A2e3b13e9badaeABaFc5516e95e8C7,0x8c312c3a5a1963F14d450Eb12AcDCe1C3667Ac03/0xE30feDd158A2e3b13e9badaeABaFc5516e95e8C7,uni_v2_unknown,0.003,0.003,0xE2e3986185bbe59b77e6567190d27D59B9c4C62a,,0x8c312c3a5a1963F14d450Eb12AcDCe1C3667Ac03,0xE30feDd158A2e3b13e9badaeABaFc5516e95e8C7,18,18,3,Sgoku,WSEI,0,0,0,,,,,uni_v2_unknown,,,,,,,,,,,,,,,,,,,,,,,,,,,,,,,,,
0x7A87Cb28823e384B4886C6332A0e775C77247C52,0,,79561679,uni_v2_unknown 0xBd96bB78F134E84eB4E499d2E7d9B1c6fE2F9d9b/0xE30feDd158A2e3b13e9badaeABaFc5516e95e8C7,0xBd96bB78F134E84eB4E499d2E7d9B1c6fE2F9d9b/0xE30feDd158A2e3b13e9badaeABaFc5516e95e8C7,uni_v2_unknown,0.003,0.003,0x7A87Cb28823e384B4886C6332A0e775C77247C52,,0xBd96bB78F134E84eB4E499d2E7d9B1c6fE2F9d9b,0xE30feDd158A2e3b13e9badaeABaFc5516e95e8C7,18,18,3,BALLZ,WSEI,0,0,0,,,,,uni_v2_unknown,,,,,,,,,,,,,,,,,,,,,,,,,,,,,,,,,
0x8CD29b81bd15264D328aEB53A8FDbCA9D371999b,0,,79811127,uni_v2_unknown 0xAEAfe2E8078ed660b7E423b3018E85426CB8F2C1/0xE30feDd158A2e3b13e9badaeABaFc5516e95e8C7,0xAEAfe2E8078ed660b7E423b3018E85426CB8F2C1/0xE30feDd158A2e3b13e9badaeABaFc5516e95e8C7,uni_v2_unknown,0.003,0.003,0x8CD29b81bd15264D328aEB53A8FDbCA9D371999b,,0xAEAfe2E8078ed660b7E423b3018E85426CB8F2C1,0xE30feDd158A2e3b13e9badaeABaFc5516e95e8C7,9,18,3,test,WSEI,0,0,0,,,,,uni_v2_unknown,,,,,,,,,,,,,,,,,,,,,,,,,,,,,,,,,
0xb8742F8b9bAd8C9cf253B26b40e465e2cDeB6250,0,,79813810,uni_v2_unknown 0x24fd0bfDC5D4D05FE28409c6eB2b11B19d55A0d8/0xE30feDd158A2e3b13e9badaeABaFc5516e95e8C7,0x24fd0bfDC5D4D05FE28409c6eB2b11B19d55A0d8/0xE30feDd158A2e3b13e9badaeABaFc5516e95e8C7,uni_v2_unknown,0.003,0.003,0xb8742F8b9bAd8C9cf253B26b40e465e2cDeB6250,,0x24fd0bfDC5D4D05FE28409c6eB2b11B19d55A0d8,0xE30feDd158A2e3b13e9badaeABaFc5516e95e8C7,9,18,3,test1,WSEI,0,0,0,,,,,uni_v2_unknown,,,,,,,,,,,,,,,,,,,,,,,,,,,,,,,,,
0xEFc66C720AC63f98a6102f5e03BBc91F44CAAFcb,0,,79951699,uni_v2_unknown 0x30ffFF979fCb27454c39de6f8cA74692C081E499/0xE30feDd158A2e3b13e9badaeABaFc5516e95e8C7,0x30ffFF979fCb27454c39de6f8cA74692C081E499/0xE30feDd158A2e3b13e9badaeABaFc5516e95e8C7,uni_v2_unknown,0.003,0.003,0xEFc66C720AC63f98a6102f5e03BBc91F44CAAFcb,,0x30ffFF979fCb27454c39de6f8cA74692C081E499,0xE30feDd158A2e3b13e9badaeABaFc5516e95e8C7,18,18,3,SWIF,WSEI,0,0,0,,,,,uni_v2_unknown,,,,,,,,,,,,,,,,,,,,,,,,,,,,,,,,,
0x5E8cce84818EBbc38d0Bf1c71C8C3499b87295e9,0,,80183979,uni_v2_unknown 0x8A6e949E83e0b1262AE64CbfB7680d1c53243DDf/0xE30feDd158A2e3b13e9badaeABaFc5516e95e8C7,0x8A6e949E83e0b1262AE64CbfB7680d1c53243DDf/0xE30feDd158A2e3b13e9badaeABaFc5516e95e8C7,uni_v2_unknown,0.003,0.003,0x5E8cce84818EBbc38d0Bf1c71C8C3499b87295e9,,0x8A6e949E83e0b1262AE64CbfB7680d1c53243DDf,0xE30feDd158A2e3b13e9badaeABaFc5516e95e8C7,18,18,3,OMNOM,WSEI,0,0,0,,,,,uni_v2_unknown,,,,,,,,,,,,,,,,,,,,,,,,,,,,,,,,,
0x9cCb5646Ccc14b3Fe06a91Dd92f54Ea498cd49d0,0,,80376660,uni_v2_unknown 0x066B0B442Cd548eDC21120407348282a3865d75D/0xE30feDd158A2e3b13e9badaeABaFc5516e95e8C7,0x066B0B442Cd548eDC21120407348282a3865d75D/0xE30feDd158A2e3b13e9badaeABaFc5516e95e8C7,uni_v2_unknown,0.003,0.003,0x9cCb5646Ccc14b3Fe06a91Dd92f54Ea498cd49d0,,0x066B0B442Cd548eDC21120407348282a3865d75D,0xE30feDd158A2e3b13e9badaeABaFc5516e95e8C7,18,18,3,Plinko,WSEI,0,0,0,,,,,uni_v2_unknown,,,,,,,,,,,,,,,,,,,,,,,,,,,,,,,,,
0xeBDb94d864964AAfC63d1dea092AaA3890eA160B,0,,79508360,uni_v3_unknown 0x357e143A8eb46533671Cb44381b61E7043a44F82/0xbFa8F215A1bABD75BCd2cf475fd211690A1747Db 10000,0x357e143A8eb46533671Cb44381b61E7043a44F82/0xbFa8F215A1bABD75BCd2cf475fd211690A1747Db,uni_v3_unknown,10000.0,0.01,0xeBDb94d864964AAfC63d1dea092AaA3890eA160B,,0x357e143A8eb46533671Cb44381b61E7043a44F82,0xbFa8F215A1bABD75BCd2cf475fd211690A1747Db,18,18,4,X1,X2,0,0,0,0,0,0,200,uni_v3_unknown,,,,,,,,,,,,,,,,,,,,,,,,,,,,,,,,,
0xe949F7B497E0C7D49076443C5EA6D68d956f83e2,0,,79511556,uni_v3_unknown 0x357e143A8eb46533671Cb44381b61E7043a44F82/0xbFa8F215A1bABD75BCd2cf475fd211690A1747Db 500,0x357e143A8eb46533671Cb44381b61E7043a44F82/0xbFa8F215A1bABD75BCd2cf475fd211690A1747Db,uni_v3_unknown,500.0,0.0005,0xe949F7B497E0C7D49076443C5EA6D68d956f83e2,,0x357e143A8eb46533671Cb44381b61E7043a44F82,0xbFa8F215A1bABD75BCd2cf475fd211690A1747Db,18,18,4,X1,X2,0,0,0,0,0,0,10,uni_v3_unknown,,,,,,,,,,,,,,,,,,,,,,,,,,,,,,,,,
0xAed158689bAdb87Db76Ed722ff6dc9f610E971c7,0,,79511891,uni_v3_unknown 0x4ba642Fde42f3921E9b0A8a638525E24aBa5441e/0x8F17828A754798F6435139c570039c9CfC9bAEC5 500,0x4ba642Fde42f3921E9b0A8a638525E24aBa5441e/0x8F17828A754798F6435139c570039c9CfC9bAEC5,uni_v3_unknown,500.0,0.0005,0xAed158689bAdb87Db76Ed722ff6dc9f610E971c7,,0x4ba642Fde42f3921E9b0A8a638525E24aBa5441e,0x8F17828A754798F6435139c570039c9CfC9bAEC5,18,18,4,X4,X3,0,0,0,0,0,0,10,uni_v3_unknown,,,,,,,,,,,,,,,,,,,,,,,,,,,,,,,,,
0xfbABdDa9985EE4Dd913E53f395cC44F9dE583bE5,0,,79901745,uni_v3_unknown 0xB75D0B03c06A926e488e2659DF1A861F860bD3d1/0xE30feDd158A2e3b13e9badaeABaFc5516e95e8C7 500,0xB75D0B03c06A926e488e2659DF1A861F860bD3d1/0xE30feDd158A2e3b13e9badaeABaFc5516e95e8C7,uni_v3_unknown,500.0,0.0005,0xfbABdDa9985EE4Dd913E53f395cC44F9dE583bE5,,0xB75D0B03c06A926e488e2659DF1A861F860bD3d1,0xE30feDd158A2e3b13e9badaeABaFc5516e95e8C7,6,18,4,USDT,WSEI,0,0,0,0,0,0,10,uni_v3_unknown,,,,,,,,,,,,,,,,,,,,,,,,,,,,,,,,,
0x26C65DC5c5E13B0ac12E54b51cF3d6113605EeF4,0,,79924238,uni_v3_unknown 0x626ed48b39A4d8C1C02e19679C74C78F8Bc5CBD9/0xf5C662574c3266CBf2198b3845fc45F1b218FA4C 10000,0x626ed48b39A4d8C1C02e19679C74C78F8Bc5CBD9/0xf5C662574c3266CBf2198b3845fc45F1b218FA4C,uni_v3_unknown,10000.0,0.01,0x26C65DC5c5E13B0ac12E54b51cF3d6113605EeF4,,0x626ed48b39A4d8C1C02e19679C74C78F8Bc5CBD9,0xf5C662574c3266CBf2198b3845fc45F1b218FA4C,18,18,4,MAGA,USDV,0,0,0,0,0,0,200,uni_v3_unknown,,,,,,,,,,,,,,,,,,,,,,,,,,,,,,,,,
0xf0011A6d72B60e7691D48edA3B2c671aB5532b58,0,,80112065,uni_v3_unknown 0x626ed48b39A4d8C1C02e19679C74C78F8Bc5CBD9/0xB75D0B03c06A926e488e2659DF1A861F860bD3d1 500,0x626ed48b39A4d8C1C02e19679C74C78F8Bc5CBD9/0xB75D0B03c06A926e488e2659DF1A861F860bD3d1,uni_v3_unknown,500.0,0.0005,0xf0011A6d72B60e7691D48edA3B2c671aB5532b58,,0x626ed48b39A4d8C1C02e19679C74C78F8Bc5CBD9,0xB75D0B03c06A926e488e2659DF1A861F860bD3d1,18,6,4,MAGA,USDT,0,0,0,0,0,0,10,uni_v3_unknown,,,,,,,,,,,,,,,,,,,,,,,,,,,,,,,,,
0xbB8324c68859FA50c18e8D94C373D7Bb04f30D72,0,,80127243,uni_v3_unknown 0x626ed48b39A4d8C1C02e19679C74C78F8Bc5CBD9/0xD261d7B14446b06C330036Ae18a296CE4E87c3B0 500,0x626ed48b39A4d8C1C02e19679C74C78F8Bc5CBD9/0xD261d7B14446b06C330036Ae18a296CE4E87c3B0,uni_v3_unknown,500.0,0.0005,0xbB8324c68859FA50c18e8D94C373D7Bb04f30D72,,0x626ed48b39A4d8C1C02e19679C74C78F8Bc5CBD9,0xD261d7B14446b06C330036Ae18a296CE4E87c3B0,18,18,4,MAGA,TGA,0,0,0,0,0,0,10,uni_v3_unknown,,,,,,,,,,,,,,,,,,,,,,,,,,,,,,,,,
0xA60D8d01687fB473aefBf2D7C34543d5B5163687,0,,80482635,uni_v3_unknown 0xB75D0B03c06A926e488e2659DF1A861F860bD3d1/0xE30feDd158A2e3b13e9badaeABaFc5516e95e8C7 10000,0xB75D0B03c06A926e488e2659DF1A861F860bD3d1/0xE30feDd158A2e3b13e9badaeABaFc5516e95e8C7,uni_v3_unknown,10000.0,0.01,0xA60D8d01687fB473aefBf2D7C34543d5B5163687,,0xB75D0B03c06A926e488e2659DF1A861F860bD3d1,0xE30feDd158A2e3b13e9badaeABaFc5516e95e8C7,6,18,4,USDT,WSEI,0,0,0,0,0,0,200,uni_v3_unknown,,,,,,,,,,,,,,,,,,,,,,,,,,,,,,,,,
0x25a2C47C723D6F394D7F6cBB36fd15B063F9541A,0,,80486203,uni_v3_unknown 0xB75D0B03c06A926e488e2659DF1A861F860bD3d1/0xE30feDd158A2e3b13e9badaeABaFc5516e95e8C7 3000,0xB75D0B03c06A926e488e2659DF1A861F860bD3d1/0xE30feDd158A2e3b13e9badaeABaFc5516e95e8C7,uni_v3_unknown,3000.0,0.003,0x25a2C47C723D6F394D7F6cBB36fd15B063F9541A,,0xB75D0B03c06A926e488e2659DF1A861F860bD3d1,0xE30feDd158A2e3b13e9badaeABaFc5516e95e8C7,6,18,4,USDT,WSEI,0,0,0,0,0,0,60,uni_v3_unknown,,,,,,,,,,,,,,,,,,,,,,,,,,,,,,,,,
0x82201101865e71Fd6b5fdD44B4774b8A09d79581,0,,80488577,uni_v3_unknown 0x626ed48b39A4d8C1C02e19679C74C78F8Bc5CBD9/0xB75D0B03c06A926e488e2659DF1A861F860bD3d1 3000,0x626ed48b39A4d8C1C02e19679C74C78F8Bc5CBD9/0xB75D0B03c06A926e488e2659DF1A861F860bD3d1,uni_v3_unknown,3000.0,0.003,0x82201101865e71Fd6b5fdD44B4774b8A09d79581,,0x626ed48b39A4d8C1C02e19679C74C78F8Bc5CBD9,0xB75D0B03c06A926e488e2659DF1A861F860bD3d1,18,6,4,MAGA,USDT,0,0,0,0,0,0,60,uni_v3_unknown,,,,,,,,,,,,,,,,,,,,,,,,,,,,,,,,,
0xA377d861bf35575A1BAA5dBD519159F04175D11A,0,,80538084,uni_v3_unknown 0x626ed48b39A4d8C1C02e19679C74C78F8Bc5CBD9/0xf5C662574c3266CBf2198b3845fc45F1b218FA4C 500,0x626ed48b39A4d8C1C02e19679C74C78F8Bc5CBD9/0xf5C662574c3266CBf2198b3845fc45F1b218FA4C,uni_v3_unknown,500.0,0.0005,0xA377d861bf35575A1BAA5dBD519159F04175D11A,,0x626ed48b39A4d8C1C02e19679C74C78F8Bc5CBD9,0xf5C662574c3266CBf2198b3845fc45F1b218FA4C,18,18,4,MAGA,USDV,0,0,0,0,0,0,10,uni_v3_unknown,,,,,,,,,,,,,,,,,,,,,,,,,,,,,,,,,
0xC14b4c51D2A92e2a26811D44908Dd714428b6d04,0,,81121058,uni_v3_unknown 0x5Cf6826140C1C56Ff49C808A1A75407Cd1DF9423/0xE30feDd158A2e3b13e9badaeABaFc5516e95e8C7 500,0x5Cf6826140C1C56Ff49C808A1A75407Cd1DF9423/0xE30feDd158A2e3b13e9badaeABaFc5516e95e8C7,uni_v3_unknown,500.0,0.0005,0xC14b4c51D2A92e2a26811D44908Dd714428b6d04,,0x5Cf6826140C1C56Ff49C808A1A75407Cd1DF9423,0xE30feDd158A2e3b13e9badaeABaFc5516e95e8C7,6,18,4,iSEI,WSEI,0,0,0,0,0,0,10,uni_v3_unknown,,,,,,,,,,,,,,,,,,,,,,,,,,,,,,,,,
0xE050Cbd6b162293909BC570A967A20ac8C4Faf20,0,,81123810,uni_v3_unknown 0x3894085Ef7Ff0f0aeDf52E2A2704928d1Ec074F1/0xB75D0B03c06A926e488e2659DF1A861F860bD3d1 500,0x3894085Ef7Ff0f0aeDf52E2A2704928d1Ec074F1/0xB75D0B03c06A926e488e2659DF1A861F860bD3d1,uni_v3_unknown,500.0,0.0005,0xE050Cbd6b162293909BC570A967A20ac8C4Faf20,,0x3894085Ef7Ff0f0aeDf52E2A2704928d1Ec074F1,0xB75D0B03c06A926e488e2659DF1A861F860bD3d1,6,6,4,USDC,USDT,0,0,0,0,0,0,10,uni_v3_unknown,,,,,,,,,,,,,,,,,,,,,,,,,,,,,,,,,
0x9f1B5De11928Ce3efd8C837b793052Eec3D55161,0,,81125404,uni_v3_unknown 0x3894085Ef7Ff0f0aeDf52E2A2704928d1Ec074F1/0xE30feDd158A2e3b13e9badaeABaFc5516e95e8C7 500,0x3894085Ef7Ff0f0aeDf52E2A2704928d1Ec074F1/0xE30feDd158A2e3b13e9badaeABaFc5516e95e8C7,uni_v3_unknown,500.0,0.0005,0x9f1B5De11928Ce3efd8C837b793052Eec3D55161,,0x3894085Ef7Ff0f0aeDf52E2A2704928d1Ec074F1,0xE30feDd158A2e3b13e9badaeABaFc5516e95e8C7,6,18,4,USDC,WSEI,0,0,0,0,0,0,10,uni_v3_unknown,,,,,,,,,,,,,,,,,,,,,,,,,,,,,,,,,
0x68C71e2584305BAd467cDd5B1dD99f7c70105500,0,,81125534,uni_v3_unknown 0x3894085Ef7Ff0f0aeDf52E2A2704928d1Ec074F1/0xE30feDd158A2e3b13e9badaeABaFc5516e95e8C7 3000,0x3894085Ef7Ff0f0aeDf52E2A2704928d1Ec074F1/0xE30feDd158A2e3b13e9badaeABaFc5516e95e8C7,uni_v3_unknown,3000.0,0.003,0x68C71e2584305BAd467cDd5B1dD99f7c70105500,,0x3894085Ef7Ff0f0aeDf52E2A2704928d1Ec074F1,0xE30feDd158A2e3b13e9badaeABaFc5516e95e8C7,6,18,4,USDC,WSEI,0,0,0,0,0,0,60,uni_v3_unknown,,,,,,,,,,,,,,,,,,,,,,,,,,,,,,,,,
0xAE5Bc36b43134ec6cE7Bf0fd7b7bC90D2b46351B,0,,81125680,uni_v3_unknown 0x3894085Ef7Ff0f0aeDf52E2A2704928d1Ec074F1/0xE30feDd158A2e3b13e9badaeABaFc5516e95e8C7 10000,0x3894085Ef7Ff0f0aeDf52E2A2704928d1Ec074F1/0xE30feDd158A2e3b13e9badaeABaFc5516e95e8C7,uni_v3_unknown,10000.0,0.01,0xAE5Bc36b43134ec6cE7Bf0fd7b7bC90D2b46351B,,0x3894085Ef7Ff0f0aeDf52E2A2704928d1Ec074F1,0xE30feDd158A2e3b13e9badaeABaFc5516e95e8C7,6,18,4,USDC,WSEI,0,0,0,0,0,0,200,uni_v3_unknown,,,,,,,,,,,,,,,,,,,,,,,,,,,,,,,,,
0x11940a73b09Bb33548FbD373cA122E305e9E8B92,0,,81140284,uni_v3_unknown 0x3894085Ef7Ff0f0aeDf52E2A2704928d1Ec074F1/0xB75D0B03c06A926e488e2659DF1A861F860bD3d1 100,0x3894085Ef7Ff0f0aeDf52E2A2704928d1Ec074F1/0xB75D0B03c06A926e488e2659DF1A861F860bD3d1,uni_v3_unknown,100.0,0.0001,0x11940a73b09Bb33548FbD373cA122E305e9E8B92,,0x3894085Ef7Ff0f0aeDf52E2A2704928d1Ec074F1,0xB75D0B03c06A926e488e2659DF1A861F860bD3d1,6,6,4,USDC,USDT,0,0,0,0,0,0,1,uni_v3_unknown,,,,,,,,,,,,,,,,,,,,,,,,,,,,,,,,,
0xe20F6991aebff410E468fa963041Db6CcC567BC0,0,,81140411,uni_v3_unknown 0x5Cf6826140C1C56Ff49C808A1A75407Cd1DF9423/0xE30feDd158A2e3b13e9badaeABaFc5516e95e8C7 100,0x5Cf6826140C1C56Ff49C808A1A75407Cd1DF9423/0xE30feDd158A2e3b13e9badaeABaFc5516e95e8C7,uni_v3_unknown,100.0,0.0001,0xe20F6991aebff410E468fa963041Db6CcC567BC0,,0x5Cf6826140C1C56Ff49C808A1A75407Cd1DF9423,0xE30feDd158A2e3b13e9badaeABaFc5516e95e8C7,6,18,4,iSEI,WSEI,0,0,0,0,0,0,1,uni_v3_unknown,,,,,,,,,,,,,,,,,,,,,,,,,,,,,,,,,
0x22Aa41dC8E1C5aDEcFA92c6a4AeDf53d936FD45F,0,,81141510,uni_v3_unknown 0xB75D0B03c06A926e488e2659DF1A861F860bD3d1/0xE30feDd158A2e3b13e9badaeABaFc5516e95e8C7 100,0xB75D0B03c06A926e488e2659DF1A861F860bD3d1/0xE30feDd158A2e3b13e9badaeABaFc5516e95e8C7,uni_v3_unknown,100.0,0.0001,0x22Aa41dC8E1C5aDEcFA92c6a4AeDf53d936FD45F,,0xB75D0B03c06A926e488e2659DF1A861F860bD3d1,0xE30feDd158A2e3b13e9badaeABaFc5516e95e8C7,6,18,4,USDT,WSEI,0,0,0,0,0,0,1,uni_v3_unknown,,,,,,,,,,,,,,,,,,,,,,,,,,,,,,,,,
0x9e4D0C8e52fc26Af1369C8a15Eaa60De3254df0C,0,,81141652,uni_v3_unknown 0x3894085Ef7Ff0f0aeDf52E2A2704928d1Ec074F1/0xE30feDd158A2e3b13e9badaeABaFc5516e95e8C7 100,0x3894085Ef7Ff0f0aeDf52E2A2704928d1Ec074F1/0xE30feDd158A2e3b13e9badaeABaFc5516e95e8C7,uni_v3_unknown,100.0,0.0001,0x9e4D0C8e52fc26Af1369C8a15Eaa60De3254df0C,,0x3894085Ef7Ff0f0aeDf52E2A2704928d1Ec074F1,0xE30feDd158A2e3b13e9badaeABaFc5516e95e8C7,6,18,4,USDC,WSEI,0,0,0,0,0,0,1,uni_v3_unknown,,,,,,,,,,,,,,,,,,,,,,,,,,,,,,,,,
0xe8eC1A02B7D2F693E5cEC0343fceD1462451422D,0,,81375916,uni_v3_unknown 0xC18b6a15FB0ceaf5eb18696EeFCb5bc7b9107149/0xE30feDd158A2e3b13e9badaeABaFc5516e95e8C7 3000,0xC18b6a15FB0ceaf5eb18696EeFCb5bc7b9107149/0xE30feDd158A2e3b13e9badaeABaFc5516e95e8C7,uni_v3_unknown,3000.0,0.003,0xe8eC1A02B7D2F693E5cEC0343fceD1462451422D,,0xC18b6a15FB0ceaf5eb18696EeFCb5bc7b9107149,0xE30feDd158A2e3b13e9badaeABaFc5516e95e8C7,18,18,4,POPO,WSEI,0,0,0,0,0,0,60,uni_v3_unknown,,,,,,,,,,,,,,,,,,,,,,,,,,,,,,,,,
0xD5F79CFe570AEd9f841edd9cC404599038A30D30,0,,81376148,uni_v3_unknown 0x99B85E9dFFfed176E46a3bE009ab9f9FE6AE59ed/0xE30feDd158A2e3b13e9badaeABaFc5516e95e8C7 3000,0x99B85E9dFFfed176E46a3bE009ab9f9FE6AE59ed/0xE30feDd158A2e3b13e9badaeABaFc5516e95e8C7,uni_v3_unknown,3000.0,0.003,0xD5F79CFe570AEd9f841edd9cC404599038A30D30,,0x99B85E9dFFfed176E46a3bE009ab9f9FE6AE59ed,0xE30feDd158A2e3b13e9badaeABaFc5516e95e8C7,18,18,4,OS,WSEI,0,0,0,0,0,0,60,uni_v3_unknown,,,,,,,,,,,,,,,,,,,,,,,,,,,,,,,,,
0x55d45c15a95abfbbce3c88f90adcd62cd873a2db000200000000000000000005,0,,0,balancer 0xDD7d5e4Ea2125d43C16eEd8f1FFeFffa2F4b4aF6/0xE30feDd158A2e3b13e9badaeABaFc5516e95e8C7 0.003,0xDD7d5e4Ea2125d43C16eEd8f1FFeFffa2F4b4aF6/0xE30feDd158A2e3b13e9badaeABaFc5516e95e8C7,balancer,3000000000000000.0,0.003,0x55D45C15A95ABfbbCE3C88F90adcD62cD873A2DB,0x55d45c15a95abfbbce3c88f90adcd62cd873a2db000200000000000000000005,0xDD7d5e4Ea2125d43C16eEd8f1FFeFffa2F4b4aF6,0xE30feDd158A2e3b13e9badaeABaFc5516e95e8C7,18,18,7,JLY,WSEI,0,0,0,0,0,0,0,balancer,Weighted,0.5,0.5,,,,,,,,,,,,,,,,,,,,,,,,,,,,,,
0x78fb4d5184718be1dd9eb87422ec57a8f987c116000200000000000000000004,0,,0,balancer 0x3894085Ef7Ff0f0aeDf52E2A2704928d1Ec074F1/0xE30feDd158A2e3b13e9badaeABaFc5516e95e8C7 0.003,0x3894085Ef7Ff0f0aeDf52E2A2704928d1Ec074F1/0xE30feDd158A2e3b13e9badaeABaFc5516e95e8C7,balancer,3000000000000000.0,0.003,0x78fb4D5184718BE1Dd9EB87422ec57a8F987C116,0x78fb4d5184718be1dd9eb87422ec57a8f987c116000200000000000000000004,0x3894085Ef7Ff0f0aeDf52E2A2704928d1Ec074F1,0xE30feDd158A2e3b13e9badaeABaFc5516e95e8C7,6,18,7,USDC,WSEI,0,0,0,0,0,0,0,balancer,Weighted,0.5,0.5,,,,,,,,,,,,,,,,,,,,,,,,,,,,,,
0x7fbaa67a43f7d5662d4933598e03edf6d97ff261000200000000000000000008,0,,0,balancer 0x3894085Ef7Ff0f0aeDf52E2A2704928d1Ec074F1/0xDD7d5e4Ea2125d43C16eEd8f1FFeFffa2F4b4aF6 0.003,0x3894085Ef7Ff0f0aeDf52E2A2704928d1Ec074F1/0xDD7d5e4Ea2125d43C16eEd8f1FFeFffa2F4b4aF6,balancer,3000000000000000.0,0.003,0x7FbAa67A43F7D5662d4933598E03EDf6D97FF261,0x7fbaa67a43f7d5662d4933598e03edf6d97ff261000200000000000000000008,0x3894085Ef7Ff0f0aeDf52E2A2704928d1Ec074F1,0xDD7d5e4Ea2125d43C16eEd8f1FFeFffa2F4b4aF6,6,18,7,USDC,JLY,0,0,0,0,0,0,0,balancer,Weighted,0.5,0.5,,,,,,,,,,,,,,,,,,,,,,,,,,,,,,
0x8894b8381dca1d322453282e01ad6d29fc8450dd000200000000000000000007,0,,0,balancer 0xB75D0B03c06A926e488e2659DF1A861F860bD3d1/0xDD7d5e4Ea2125d43C16eEd8f1FFeFffa2F4b4aF6 0.003,0xB75D0B03c06A926e488e2659DF1A861F860bD3d1/0xDD7d5e4Ea2125d43C16eEd8f1FFeFffa2F4b4aF6,balancer,3000000000000000.0,0.003,0x8894B8381dcA1d322453282E01aD6D29FC8450DD,0x8894b8381dca1d322453282e01ad6d29fc8450dd000200000000000000000007,0xB75D0B03c06A926e488e2659DF1A861F860bD3d1,0xDD7d5e4Ea2125d43C16eEd8f1FFeFffa2F4b4aF6,6,18,7,USDT,JLY,0,0,0,0,0,0,0,balancer,Weighted,0.5,0.5,,,,,,,,,,,,,,,,,,,,,,,,,,,,,,
0x2286b223ce3820828d616e68614b28c8f1a3122c000200000000000000000006,0,,0,balancer 0xB75D0B03c06A926e488e2659DF1A861F860bD3d1/0xE30feDd158A2e3b13e9badaeABaFc5516e95e8C7 0.003,0xB75D0B03c06A926e488e2659DF1A861F860bD3d1/0xE30feDd158A2e3b13e9badaeABaFc5516e95e8C7,balancer,3000000000000000.0,0.003,0x2286b223cE3820828d616E68614b28C8F1a3122c,0x2286b223ce3820828d616e68614b28c8f1a3122c000200000000000000000006,0xB75D0B03c06A926e488e2659DF1A861F860bD3d1,0xE30feDd158A2e3b13e9badaeABaFc5516e95e8C7,6,18,7,USDT,WSEI,0,0,0,0,0,0,0,balancer,Weighted,0.5,0.5,,,,,,,,,,,,,,,,,,,,,,,,,,,,,,
