id,cid,last_updated,last_updated_block,descr,pair_name,exchange_name,fee,tkn0_balance,tkn1_balance,z_0,y_0,A_0,B_0,z_1,y_1,A_1,B_1,sqrt_price_q96,tick,tick_spacing,liquidity,address,anchor,fee_float
0,340282366920938463463374607431768211457,2023-04-26 14:17:53.914212,17130945,carbon_v1 ETH-EEeE/DAI-1d0F None,ETH-EEeE/DAI-1d0F,carbon_v1,0,nan,nan,1000000000000000,1000000000000000,0,6382340776412,0,0,0,1875443170982464,0,nan,nan,nan,0xC537e898CD774e2dCBa3B14Ea6f34C93d5eA45e1,nan,0.0
1,680564733841876926926749214863536422914,2023-04-26 14:17:53.919887,17130945,carbon_v1 ETH-EEeE/stETH-fE84 None,ETH-EEeE/stETH-fE84,carbon_v1,0,nan,nan,81273295119446689,79321294126956528,0,280078069940593,40028829792356263,2031521002415079,0,280064065686981,0,nan,nan,nan,0xC537e898CD774e2dCBa3B14Ea6f34C93d5eA45e1,nan,0.0
2,1020847100762815390390123822295304634371,2023-04-26 14:17:53.92349,17130945,carbon_v1 USDC-eB48/USDT-1ec7 None,USDC-eB48/USDT-1ec7,carbon_v1,0,nan,nan,50149505,50149505,0,280773917149557,70000000,50100001,0,280770407453657,0,nan,nan,nan,0xC537e898CD774e2dCBa3B14Ea6f34C93d5eA45e1,nan,0.0
3,1020847100762815390390123822295304634391,2023-04-26 14:17:53.925096,17130945,carbon_v1 USDC-eB48/USDT-1ec7 None,USDC-eB48/USDT-1ec7,carbon_v1,0,nan,nan,500000000,494996523,140779742165,281432764961555,505000000,505000000,126755673936,281207448346389,0,nan,nan,nan,0xC537e898CD774e2dCBa3B14Ea6f34C93d5eA45e1,nan,0.0
4,1361129467683753853853498429727072845828,2023-04-26 14:17:53.926406,17130945,carbon_v1 USDC-eB48/DAI-1d0F None,USDC-eB48/DAI-1d0F,carbon_v1,0,nan,nan,20000000,20000000,0,281334344,30000000000000000000,30000000000000000000,0,5897800738913900,0,nan,nan,nan,0xC537e898CD774e2dCBa3B14Ea6f34C93d5eA45e1,nan,0.0
5,1701411834604692317316873037158841057285,2023-04-26 14:17:53.927859,17130945,carbon_v1 ETH-EEeE/USDC-eB48 None,ETH-EEeE/USDC-eB48,carbon_v1,0,nan,nan,6039951546952498,6039951546952498,0,4409572391052980,11717506,0,0,12397686690,0,nan,nan,nan,0xC537e898CD774e2dCBa3B14Ea6f34C93d5eA45e1,nan,0.0
6,1701411834604692317316873037158841057292,2023-04-26 14:17:53.929606,17130945,carbon_v1 ETH-EEeE/USDC-eB48 None,ETH-EEeE/USDC-eB48,carbon_v1,0,nan,nan,16386958418561177,16386958418561177,2684113799954624,4411844567835374,18000000,6141325,32676704,12106696520,0,nan,nan,nan,0xC537e898CD774e2dCBa3B14Ea6f34C93d5eA45e1,nan,0.0
7,1701411834604692317316873037158841057296,2023-04-26 14:17:53.931009,17130945,carbon_v1 ETH-EEeE/USDC-eB48 None,ETH-EEeE/USDC-eB48,carbon_v1,0,nan,nan,10347973721536624318,10347973721536624318,0,4416648363926356,10005000000,0,0,12365692607,0,nan,nan,nan,0xC537e898CD774e2dCBa3B14Ea6f34C93d5eA45e1,nan,0.0
8,1701411834604692317316873037158841057299,2023-04-26 14:17:53.932147,17130945,carbon_v1 ETH-EEeE/USDC-eB48 None,ETH-EEeE/USDC-eB48,carbon_v1,0,nan,nan,26117229020994980,26117229020994980,2721923874144320,4414201427359729,50000000,0,93278858,12269209786,0,nan,nan,nan,0xC537e898CD774e2dCBa3B14Ea6f34C93d5eA45e1,nan,0.0
9,1701411834604692317316873037158841057300,2023-04-26 14:17:53.933725,17130945,carbon_v1 ETH-EEeE/USDC-eB48 None,ETH-EEeE/USDC-eB48,carbon_v1,0,nan,nan,0,0,2995657465959328,4172302982768969,0,0,3368189479,8901020307,0,nan,nan,nan,0xC537e898CD774e2dCBa3B14Ea6f34C93d5eA45e1,nan,0.0
10,1701411834604692317316873037158841057306,2023-04-26 14:17:53.93642,17130945,carbon_v1 ETH-EEeE/USDC-eB48 None,ETH-EEeE/USDC-eB48,carbon_v1,0,nan,nan,0,0,2689878730660032,4414201427359729,5000000000,5000000000,0,10550619334,0,nan,nan,nan,0xC537e898CD774e2dCBa3B14Ea6f34C93d5eA45e1,nan,0.0
11,1701411834604692317316873037158841057307,2023-04-26 14:17:53.938041,17130945,carbon_v1 ETH-EEeE/USDC-eB48 None,ETH-EEeE/USDC-eB48,carbon_v1,0,nan,nan,0,0,2957617717098016,4407379944398141,0,0,325482628,12008132901,0,nan,nan,nan,0xC537e898CD774e2dCBa3B14Ea6f34C93d5eA45e1,nan,0.0
12,1701411834604692317316873037158841057315,2023-04-26 14:17:53.939968,17130945,carbon_v1 ETH-EEeE/USDC-eB48 None,ETH-EEeE/USDC-eB48,carbon_v1,0,nan,nan,487950036912764478,487950036912764478,2774632371511232,4397465956278860,1000000000,0,310860233,12587943637,0,nan,nan,nan,0xC537e898CD774e2dCBa3B14Ea6f34C93d5eA45e1,nan,0.0
13,1701411834604692317316873037158841057322,2023-04-26 14:17:53.94209,17130945,carbon_v1 ETH-EEeE/USDC-eB48 None,ETH-EEeE/USDC-eB48,carbon_v1,0,nan,nan,200000000000000000,200000000000000000,0,0,0,0,0,0,0,nan,nan,nan,0xC537e898CD774e2dCBa3B14Ea6f34C93d5eA45e1,nan,0.0
14,1701411834604692317316873037158841057331,2023-04-26 14:17:53.944312,17130945,carbon_v1 ETH-EEeE/USDC-eB48 None,ETH-EEeE/USDC-eB48,carbon_v1,0,nan,nan,0,0,3239244837475872,4405262671506063,10000000000,10000000000,336461286,11605510599,0,nan,nan,nan,0xC537e898CD774e2dCBa3B14Ea6f34C93d5eA45e1,nan,0.0
15,2041694201525630780780247644590609268742,2023-04-26 14:17:53.948304,17130945,carbon_v1 DAI-1d0F/USDT-1ec7 None,DAI-1d0F/USDT-1ec7,carbon_v1,0,nan,nan,20000000000000000000,20000000000000000000,0,5897266407715429,20000000,20000000,0,280770407,0,nan,nan,nan,0xC537e898CD774e2dCBa3B14Ea6f34C93d5eA45e1,nan,0.0
16,2381976568446569244243622252022377480199,2023-04-26 14:17:53.949857,17130945,carbon_v1 USDC-eB48/BNT-FF1C None,USDC-eB48/BNT-FF1C,carbon_v1,0,nan,nan,15000000,0,0,363382632,29100000020685479436,29100000020685479436,0,5819312065461623,0,nan,nan,nan,0xC537e898CD774e2dCBa3B14Ea6f34C93d5eA45e1,nan,0.0
17,2381976568446569244243622252022377480202,2023-04-26 14:17:53.96239,17130945,carbon_v1 BNT-FF1C/USDC-eB48 None,BNT-FF1C/USDC-eB48,carbon_v1,0,nan,nan,42475983105040000000000,42474631772478133195336,5540895498750915,5596458787486529,2000000,2000000,0,0,0,nan,nan,nan,0xC537e898CD774e2dCBa3B14Ea6f34C93d5eA45e1,nan,0.0
18,2722258935367507707706996859454145691656,2023-04-26 14:17:53.964025,17130945,carbon_v1 ETH-EEeE/USDT-1ec7 None,ETH-EEeE/USDT-1ec7,carbon_v1,0,nan,nan,0,0,0,4405262671506063,5000000,5000000,0,12269209786,0,nan,nan,nan,0xC537e898CD774e2dCBa3B14Ea6f34C93d5eA45e1,nan,0.0
19,2722258935367507707706996859454145691665,2023-04-26 14:17:53.965566,17130945,carbon_v1 ETH-EEeE/USDT-1ec7 None,ETH-EEeE/USDT-1ec7,carbon_v1,0,nan,nan,10000000000000000,10000000000000000,0,4416948323569862,209000000,209000000,0,12336826990,0,nan,nan,nan,0xC537e898CD774e2dCBa3B14Ea6f34C93d5eA45e1,nan,0.0
20,3062541302288446171170371466885913903115,2023-04-26 14:17:53.971462,17130945,carbon_v1 rETH-6393/ETH-EEeE None,rETH-6393/ETH-EEeE,carbon_v1,0,nan,nan,0,0,0,271985064596309,2000000000000000000,2000000000000000000,0,426782599738670,0,nan,nan,nan,0xC537e898CD774e2dCBa3B14Ea6f34C93d5eA45e1,nan,0.0
21,3743106036130323098097120681749450326030,2023-04-26 14:17:53.974176,17130945,carbon_v1 ETH-EEeE/BNT-FF1C None,ETH-EEeE/BNT-FF1C,carbon_v1,0,nan,nan,50000000000000000,50000000000000000,0,3980657295328,500000000000000000000,500000000000000000000,0,1965262797370078,0,nan,nan,nan,0xC537e898CD774e2dCBa3B14Ea6f34C93d5eA45e1,nan,0.0
22,3743106036130323098097120681749450326031,2023-04-26 14:17:53.976438,17130945,carbon_v1 BNT-FF1C/ETH-EEeE None,BNT-FF1C/ETH-EEeE,carbon_v1,0,nan,nan,500000000000000000000,500000000000000000000,0,1604061502893966,150000000000000000,150000000000000000,0,3980657295328,0,nan,nan,nan,0xC537e898CD774e2dCBa3B14Ea6f34C93d5eA45e1,nan,0.0
23,3743106036130323098097120681749450326034,2023-04-26 14:17:53.978641,17130945,carbon_v1 BNT-FF1C/ETH-EEeE None,BNT-FF1C/ETH-EEeE,carbon_v1,0,nan,nan,200000000000000000000,200000000000000000000,0,1599321369715856,70000000000000000,70000000000000000,0,3980657295328,0,nan,nan,nan,0xC537e898CD774e2dCBa3B14Ea6f34C93d5eA45e1,nan,0.0
24,4083388403051261561560495289181218537493,2023-04-26 14:17:53.980398,17130945,carbon_v1 WBTC-C599/USDC-eB48 None,WBTC-C599/USDC-eB48,carbon_v1,0,nan,nan,0,0,483712522794,16090853419632,1270214676,1270214676,127896581504192,1550564903808408,0,nan,nan,nan,0xC537e898CD774e2dCBa3B14Ea6f34C93d5eA45e1,nan,0.0
25,4423670769972200025023869896612986748950,2023-04-26 14:17:53.983417,17130945,carbon_v1 BNT-FF1C/vBNT-7f94 None,BNT-FF1C/vBNT-7f94,carbon_v1,0,nan,nan,0,0,0,0,13290464521842656922337,13290464521842656922337,10357734819432,262542380173963,0,nan,nan,nan,0xC537e898CD774e2dCBa3B14Ea6f34C93d5eA45e1,nan,0.0
26,4423670769972200025023869896612986748965,2023-04-26 14:17:53.986742,17130945,carbon_v1 vBNT-7f94/BNT-FF1C None,vBNT-7f94/BNT-FF1C,carbon_v1,0,nan,nan,1027046276694731263152,1027046276694731263152,11425536572939,256950323529445,500000000000000000000,0,14444367486100,267030609224556,0,nan,nan,nan,0xC537e898CD774e2dCBa3B14Ea6f34C93d5eA45e1,nan,0.0
27,4423670769972200025023869896612986748966,2023-04-26 14:17:53.988353,17130945,carbon_v1 vBNT-7f94/BNT-FF1C None,vBNT-7f94/BNT-FF1C,carbon_v1,0,nan,nan,582963997190096345819,582963997190096345819,13099116608272,268375860102384,500000000000000000000,425964710023690496621,15271736468478,251758872756078,0,nan,nan,nan,0xC537e898CD774e2dCBa3B14Ea6f34C93d5eA45e1,nan,0.0
28,4423670769972200025023869896612986748976,2023-04-26 14:17:53.989807,17130945,carbon_v1 vBNT-7f94/BNT-FF1C None,vBNT-7f94/BNT-FF1C,carbon_v1,0,nan,nan,500000000000000000000,500000000000000000000,15225700205518,422212465065984,500000000000000000000,500000000000000000000,16260011272663,235498861483415,0,nan,nan,nan,0xC537e898CD774e2dCBa3B14Ea6f34C93d5eA45e1,nan,0.0
29,4423670769972200025023869896612986748977,2023-04-26 14:17:53.991304,17130945,carbon_v1 vBNT-7f94/BNT-FF1C None,vBNT-7f94/BNT-FF1C,carbon_v1,0,nan,nan,500000000000000000000,500000000000000000000,17997914028924,429825315168743,500000000000000000000,500000000000000000000,17469282048517,218029579434898,0,nan,nan,nan,0xC537e898CD774e2dCBa3B14Ea6f34C93d5eA45e1,nan,0.0
30,4763953136893138488487244504044754960408,2023-04-26 14:17:53.993834,17130945,carbon_v1 LINK-86CA/USDT-1ec7 None,LINK-86CA/USDT-1ec7,carbon_v1,0,nan,nan,10874600310000000000,10874600310000000000,3816918592930816,5539034656033204,190161820,190161820,10639026,739374276,0,nan,nan,nan,0xC537e898CD774e2dCBa3B14Ea6f34C93d5eA45e1,nan,0.0
31,5104235503814076951950619111476523171868,2023-04-26 14:17:53.996797,17130945,carbon_v1 vBNT-7f94/USDC-eB48 None,vBNT-7f94/USDC-eB48,carbon_v1,0,nan,nan,0,0,0,0,1568643316,1568643316,32103238,132023466,0,nan,nan,nan,0xC537e898CD774e2dCBa3B14Ea6f34C93d5eA45e1,nan,0.0
32,5784800237655953878877368326340059594782,2023-04-26 14:17:53.998484,17130945,carbon_v1 RPL-A51f/XCHF-fc08 None,RPL-A51f/XCHF-fc08,carbon_v1,0,nan,nan,17915505804080494069,17915505804080494069,0,0,2000000000000000000000,1243936280931989528054,201865352080192,1052578482527761,0,nan,nan,nan,0xC537e898CD774e2dCBa3B14Ea6f34C93d5eA45e1,nan,0.0
33,6125082604576892342340742933771827806239,2023-04-26 14:17:54.000626,17130945,carbon_v1 MATIC-eBB0/ARB-4ad1 None,MATIC-eBB0/ARB-4ad1,carbon_v1,0,nan,nan,214054515432510649267,214054515432510649267,43544330437424,422212465065984,100000000000000000000,299557965940950922,58369641661355,235498861483415,0,nan,nan,nan,0xC537e898CD774e2dCBa3B14Ea6f34C93d5eA45e1,nan,0.0
34,6125082604576892342340742933771827806240,2023-04-26 14:17:54.002479,17130945,carbon_v1 MATIC-eBB0/ARB-4ad1 None,MATIC-eBB0/ARB-4ad1,carbon_v1,0,nan,nan,202580033361367509166,202580033361367509166,54951968265652,422212465065984,100000000000000000000,12760538178735827538,74029518581747,219838984563023,0,nan,nan,nan,0xC537e898CD774e2dCBa3B14Ea6f34C93d5eA45e1,nan,0.0
35,6465364971497830805804117541203596017697,2023-04-26 14:17:54.004053,17130945,carbon_v1 TSUKA-69eD/USDC-eB48 None,TSUKA-69eD/USDC-eB48,carbon_v1,0,nan,nan,46567342174966,46567342174966,1295443453270648,2149874333928468,0,0,527260079896,1990328647664,0,nan,nan,nan,0xC537e898CD774e2dCBa3B14Ea6f34C93d5eA45e1,nan,0.0
36,6805647338418769269267492148635364229154,2023-04-26 14:17:54.008277,17130945,carbon_v1 LBR-aCcA/ETH-EEeE None,LBR-aCcA/ETH-EEeE,carbon_v1,0,nan,nan,0,0,0,0,500000000000000000,500000000000000000,824421119442,1990328647664,0,nan,nan,nan,0xC537e898CD774e2dCBa3B14Ea6f34C93d5eA45e1,nan,0.0
37,7145929705339707732730866756067132440612,2023-04-26 14:17:54.01037,17130945,carbon_v1 PEPE-1933/ETH-EEeE None,PEPE-1933/ETH-EEeE,carbon_v1,0,nan,nan,0,0,0,4944431896972025,400000000000000000,400000000000000000,0,2686575069,0,nan,nan,nan,0xC537e898CD774e2dCBa3B14Ea6f34C93d5eA45e1,nan,0.0
38,7145929705339707732730866756067132440620,2023-04-26 14:17:54.012789,17130945,carbon_v1 PEPE-1933/ETH-EEeE None,PEPE-1933/ETH-EEeE,carbon_v1,0,nan,nan,0,0,0,4954848093222334,2500000000000000000,2500000000000000000,0,3330456838,0,nan,nan,nan,0xC537e898CD774e2dCBa3B14Ea6f34C93d5eA45e1,nan,0.0
39,7145929705339707732730866756067132440621,2023-04-26 14:17:54.01499,17130945,carbon_v1 PEPE-1933/ETH-EEeE None,PEPE-1933/ETH-EEeE,carbon_v1,0,nan,nan,0,0,0,4966570098287863,500000000000000000,500000000000000000,0,2952134461,0,nan,nan,nan,0xC537e898CD774e2dCBa3B14Ea6f34C93d5eA45e1,nan,0.0
40,7486212072260646196194241363498900652071,2023-04-26 14:17:54.017422,17130945,carbon_v1 LYXe-be6D/USDC-eB48 None,LYXe-be6D/USDC-eB48,carbon_v1,0,nan,nan,7503700798507554270523,7503700798507554270523,0,5334985036791808,0,0,0,0,0,nan,nan,nan,0xC537e898CD774e2dCBa3B14Ea6f34C93d5eA45e1,nan,0.0
41,8166776806102523123120990578362437074987,2023-04-26 14:17:54.018806,17130945,carbon_v1 HRP-12Bf/ETH-EEeE None,HRP-12Bf/ETH-EEeE,carbon_v1,0,nan,nan,0,0,0,0,0,0,824421119442,1990328647664,0,nan,nan,nan,0xC537e898CD774e2dCBa3B14Ea6f34C93d5eA45e1,nan,0.0
42,8507059173023461586584365185794205286446,2023-04-26 14:17:54.020085,17130945,carbon_v1 Silo-B1f8/USDC-eB48 None,Silo-B1f8/USDC-eB48,carbon_v1,0,nan,nan,0,0,0,6409950565275210,0,0,0,0,0,nan,nan,nan,0xC537e898CD774e2dCBa3B14Ea6f34C93d5eA45e1,nan,0.0
43,8847341539944400050047739793225973497903,2023-04-26 14:17:54.021141,17130945,carbon_v1 LINK-86CA/USDC-eB48 None,LINK-86CA/USDC-eB48,carbon_v1,0,nan,nan,342883761365849716133,342883761365849716133,3815413684211520,5538433047929310,0,0,20754999,733996938,0,nan,nan,nan,0xC537e898CD774e2dCBa3B14Ea6f34C93d5eA45e1,nan,0.0
44,9187623906865338513511114400657741709362,2023-04-26 14:17:54.0225,17130945,carbon_v1 ETH-EEeE/WBTC-C599 None,ETH-EEeE/WBTC-C599,carbon_v1,0,nan,nan,4999535469854983481,4999535469854983481,4431814251932800,5537837088750967,26579371,19716633,55242720,689470068,0,nan,nan,nan,0xC537e898CD774e2dCBa3B14Ea6f34C93d5eA45e1,nan,0.0
45,9527906273786276976974489008089509920820,2023-04-26 14:17:54.0242,17130945,carbon_v1 WBTC-C599/USDT-1ec7 None,WBTC-C599/USDT-1ec7,carbon_v1,0,nan,nan,0,0,269663939622,16673138657182,200000000,200000000,77159260759712,1550564903808408,0,nan,nan,nan,0xC537e898CD774e2dCBa3B14Ea6f34C93d5eA45e1,nan,0.0
46,9868188640707215440437863615521278132277,2023-04-26 14:17:54.02551,17130945,carbon_v1 0x0-1AD5/ETH-EEeE None,0x0-1AD5/ETH-EEeE,carbon_v1,0,nan,nan,5363000000000,5363000000000,119127330708,2267453933449,100000000000000000,100000000000000000,1002503361642560,2210109140007279,0,nan,nan,nan,0xC537e898CD774e2dCBa3B14Ea6f34C93d5eA45e1,nan,0.0
47,9868188640707215440437863615521278132278,2023-04-26 13:07:28.578754,17127576,bancor_v3 BNT-FF1C/WBTC-C599 0.000,BNT-FF1C/WBTC-C599,bancor_v3,0.000,5919083734515601200685286,9918064479,nan,nan,nan,nan,nan,nan,nan,nan,0,nan,nan,nan,0x2260FAC5E5542a773Aa44fBCfeDf7C193bc2C599,nan,0.0
48,9868188640707215440437863615521278132279,2023-04-26 07:11:56.18827,17127576,bancor_v3 BNT-FF1C/MFG-0312 0.000,BNT-FF1C/MFG-0312,bancor_v3,0.000,219768161661354930483475,47601125283056106386281649,nan,nan,nan,nan,nan,nan,nan,nan,0,nan,nan,nan,0x6710c63432A2De02954fc0f851db07146a6c0312,nan,0.0
49,9868188640707215440437863615521278132280,2023-04-26 12:34:42.61518,17127576,bancor_v3 BNT-FF1C/USDC-eB48 0.000,BNT-FF1C/USDC-eB48,bancor_v3,0.000,2465217011407827905870478,1218187548594,nan,nan,nan,nan,nan,nan,nan,nan,0,nan,nan,nan,0xA0b86991c6218b36c1d19D4a2e9Eb0cE3606eB48,nan,0.0
50,9868188640707215440437863615521278132281,2023-04-26 02:57:23.887295,17127576,bancor_v3 BNT-FF1C/UOS-5C8c 0.000,BNT-FF1C/UOS-5C8c,bancor_v3,0.000,41461420931869649863821,656544767,nan,nan,nan,nan,nan,nan,nan,nan,0,nan,nan,nan,0xD13c7342e1ef687C5ad21b27c2b65D772cAb5C8c,nan,0.0
51,9868188640707215440437863615521278132282,2023-04-26 02:57:25.183954,17127577,bancor_v3 BNT-FF1C/AAVE-DaE9 0.000,BNT-FF1C/AAVE-DaE9,bancor_v3,0.000,211784405519625759434453,1443645999282218764187,nan,nan,nan,nan,nan,nan,nan,nan,0,nan,nan,nan,0x7Fc66500c84A76Ad7e9c93437bFc5Ac33E2DDaE9,nan,0.0
52,9868188640707215440437863615521278132283,2023-04-26 02:57:26.331,17127577,bancor_v3 BNT-FF1C/BAT-87EF 0.000,BNT-FF1C/BAT-87EF,bancor_v3,0.000,529906742801909809390639,1018796206116908935771039,nan,nan,nan,nan,nan,nan,nan,nan,0,nan,nan,nan,0x0D8775F648430679A709E98d2b0Cb6250d2887EF,nan,0.0
53,9868188640707215440437863615521278132284,2023-04-26 02:57:27.879089,17127577,bancor_v3 BNT-FF1C/CHZ-b4AF 0.000,BNT-FF1C/CHZ-b4AF,bancor_v3,0.000,32074467869592983197460,123976194782218391705981,nan,nan,nan,nan,nan,nan,nan,nan,0,nan,nan,nan,0x3506424F91fD33084466F402d5D97f05F8e3b4AF,nan,0.0
54,9868188640707215440437863615521278132285,2023-04-26 12:41:26.836804,17127577,bancor_v3 BNT-FF1C/DAI-1d0F 0.000,BNT-FF1C/DAI-1d0F,bancor_v3,0.000,6342623648505349173615307,3147959368893624296548657,nan,nan,nan,nan,nan,nan,nan,nan,0,nan,nan,nan,0x6B175474E89094C44Da98b954EedeAC495271d0F,nan,0.0
55,9868188640707215440437863615521278132286,2023-04-26 02:57:29.351077,17127577,bancor_v3 BNT-FF1C/ENJ-3B9c 0.000,BNT-FF1C/ENJ-3B9c,bancor_v3,0.000,1719420862731339344303662,2114773628897882503975917,nan,nan,nan,nan,nan,nan,nan,nan,0,nan,nan,nan,0xF629cBd94d3791C9250152BD8dfBDF380E2a3B9c,nan,0.0
56,9868188640707215440437863615521278132287,2023-04-26 02:57:30.535894,17127577,bancor_v3 BNT-FF1C/ENS-9D72 0.000,BNT-FF1C/ENS-9D72,bancor_v3,0.000,109969450546766167905846,4301801708215611418129,nan,nan,nan,nan,nan,nan,nan,nan,0,nan,nan,nan,0xC18360217D8F7Ab5e7c516566761Ea12Ce7F9D72,nan,0.0
57,9868188640707215440437863615521278132288,2023-04-26 09:35:41.55122,17127577,bancor_v3 BNT-FF1C/GRT-44a7 0.000,BNT-FF1C/GRT-44a7,bancor_v3,0.000,534049835376440464187073,1838175820164013678336243,nan,nan,nan,nan,nan,nan,nan,nan,0,nan,nan,nan,0xc944E90C64B2c07662A292be6244BDf05Cda44a7,nan,0.0
58,9868188640707215440437863615521278132289,2023-04-26 02:57:33.328277,17127577,bancor_v3 BNT-FF1C/LINK-86CA 0.000,BNT-FF1C/LINK-86CA,bancor_v3,0.000,14588677844451763532048826,974422480157541290096255,nan,nan,nan,nan,nan,nan,nan,nan,0,nan,nan,nan,0x514910771AF9Ca656af840dff83E8264EcF986CA,nan,0.0
59,9868188640707215440437863615521278132290,2023-04-26 02:57:34.494195,17127577,bancor_v3 BNT-FF1C/MANA-C942 0.000,BNT-FF1C/MANA-C942,bancor_v3,0.000,272627890197305193802148,239785745357443313060085,nan,nan,nan,nan,nan,nan,nan,nan,0,nan,nan,nan,0x0F5D2fB29fb7d3CFeE444a200298f468908cC942,nan,0.0
60,9868188640707215440437863615521278132291,2023-04-26 02:57:34.899418,17127577,bancor_v3 BNT-FF1C/MATIC-eBB0 0.000,BNT-FF1C/MATIC-eBB0,bancor_v3,0.000,412995348321569784949467,198693832237882447556476,nan,nan,nan,nan,nan,nan,nan,nan,0,nan,nan,nan,0x7D1AfA7B718fb893dB30A3aBc0Cfc608AaCfeBB0,nan,0.0
61,9868188640707215440437863615521278132292,2023-04-26 02:57:35.238405,17127577,bancor_v3 BNT-FF1C/MKR-79A2 0.000,BNT-FF1C/MKR-79A2,bancor_v3,0.000,61797616036672743786939,41951398883835787473,nan,nan,nan,nan,nan,nan,nan,nan,0,nan,nan,nan,0x9f8F72aA9304c8B593d555F12eF6589cC3A579A2,nan,0.0
62,9868188640707215440437863615521278132293,2023-04-26 02:57:36.572796,17127577,bancor_v3 BNT-FF1C/OCEAN-9F48 0.000,BNT-FF1C/OCEAN-9F48,bancor_v3,0.000,134227436397265179512872,173052936621919948949679,nan,nan,nan,nan,nan,nan,nan,nan,0,nan,nan,nan,0x967da4048cD07aB37855c090aAF366e4ce1b9F48,nan,0.0
63,9868188640707215440437863615521278132294,2023-04-26 02:57:37.633719,17127577,bancor_v3 BNT-FF1C/QNT-4675 0.000,BNT-FF1C/QNT-4675,bancor_v3,0.000,130015205485629390312883,557507901889090470073,nan,nan,nan,nan,nan,nan,nan,nan,0,nan,nan,nan,0x4a220E6096B25EADb88358cb44068A3248254675,nan,0.0
64,9868188640707215440437863615521278132295,2023-04-26 12:50:04.93344,17127577,bancor_v3 BNT-FF1C/RPL-A51f 0.000,BNT-FF1C/RPL-A51f,bancor_v3,0.000,138302610409556598957386,1412306423820649167336,nan,nan,nan,nan,nan,nan,nan,nan,0,nan,nan,nan,0xD33526068D116cE69F19A9ee46F0bd304F21A51f,nan,0.0
65,9868188640707215440437863615521278132296,2023-04-26 02:57:39.205085,17127578,bancor_v3 BNT-FF1C/SNX-2a6F 0.000,BNT-FF1C/SNX-2a6F,bancor_v3,0.000,1746288979523570533861798,341503956952108393952208,nan,nan,nan,nan,nan,nan,nan,nan,0,nan,nan,nan,0xC011a73ee8576Fb46F5E1c5751cA3B9Fe0af2a6F,nan,0.0
66,9868188640707215440437863615521278132297,2023-04-26 02:57:40.474732,17127578,bancor_v3 BNT-FF1C/TRAC-0A6F 0.000,BNT-FF1C/TRAC-0A6F,bancor_v3,0.000,91708200610422980193582,116814397702045017058155,nan,nan,nan,nan,nan,nan,nan,nan,0,nan,nan,nan,0xaA7a9CA87d3694B5755f213B5D04094b8d0F0A6F,nan,0.0
67,9868188640707215440437863615521278132298,2023-04-26 02:57:41.723155,17127578,bancor_v3 BNT-FF1C/UNI-F984 0.000,BNT-FF1C/UNI-F984,bancor_v3,0.000,114308552270798194903424,9907641369512064733751,nan,nan,nan,nan,nan,nan,nan,nan,0,nan,nan,nan,0x1f9840a85d5aF5bf1D1762F925BDADdC4201F984,nan,0.0
68,9868188640707215440437863615521278132299,2023-04-26 13:07:34.404291,17127578,bancor_v3 BNT-FF1C/USDT-1ec7 0.000,BNT-FF1C/USDT-1ec7,bancor_v3,0.000,3632541832069849042825593,1811079862714,nan,nan,nan,nan,nan,nan,nan,nan,0,nan,nan,nan,0xdAC17F958D2ee523a2206206994597C13D831ec7,nan,0.0
69,9868188640707215440437863615521278132300,2023-04-26 13:22:46.178549,17127578,bancor_v3 BNT-FF1C/ETH-EEeE 0.000,BNT-FF1C/ETH-EEeE,bancor_v3,0.000,15340775537850952535352847,3910999905757514568700,nan,nan,nan,nan,nan,nan,nan,nan,0,nan,nan,nan,0xEeeeeEeeeEeEeeEeEeEeeEEEeeeeEeeeeeeeEEeE,nan,0.0
70,9868188640707215440437863615521278132301,2023-04-26 02:57:43.648849,17127578,bancor_v3 BNT-FF1C/MONA-412A 0.000,BNT-FF1C/MONA-412A,bancor_v3,0.000,177633383370704932572535,235271617992283614685,nan,nan,nan,nan,nan,nan,nan,nan,0,nan,nan,nan,0x275f5Ad03be0Fa221B4C6649B8AeE09a42D9412A,nan,0.0
71,9868188640707215440437863615521278132302,2023-04-26 02:57:44.856969,17127578,bancor_v3 BNT-FF1C/ALPHA-0975 0.000,BNT-FF1C/ALPHA-0975,bancor_v3,0.000,17242626741424500143879,78981619139364497208600,nan,nan,nan,nan,nan,nan,nan,nan,0,nan,nan,nan,0xa1faa113cbE53436Df28FF0aEe54275c13B40975,nan,0.0
72,9868188640707215440437863615521278132303,2023-04-26 13:59:05.969038,17127578,bancor_v3 BNT-FF1C/YFI-d93e 0.000,BNT-FF1C/YFI-d93e,bancor_v3,0.000,1230291302602319065853389,72769960035956007091,nan,nan,nan,nan,nan,nan,nan,nan,0,nan,nan,nan,0x0bc529c00C6401aEF6D220BE8C6Ea1667F6Ad93e,nan,0.0
73,9868188640707215440437863615521278132304,2023-04-26 02:57:47.184458,17127578,bancor_v3 BNT-FF1C/xSUSHI-4272 0.000,BNT-FF1C/xSUSHI-4272,bancor_v3,0.000,16030894000365073267122,5456902399373066947629,nan,nan,nan,nan,nan,nan,nan,nan,0,nan,nan,nan,0x8798249c2E607446EfB7Ad49eC89dD1865Ff4272,nan,0.0
74,9868188640707215440437863615521278132305,2023-04-26 02:57:48.341471,17127578,bancor_v3 BNT-FF1C/wstETH-2Ca0 0.000,BNT-FF1C/wstETH-2Ca0,bancor_v3,0.000,70349660938108188815804,16289085040240480202,nan,nan,nan,nan,nan,nan,nan,nan,0,nan,nan,nan,0x7f39C581F595B53c5cb19bD0b3f8dA6c935E2Ca0,nan,0.0
75,9868188640707215440437863615521278132306,2023-04-26 12:39:50.860663,17127579,bancor_v3 BNT-FF1C/WOO-5D4B 0.000,BNT-FF1C/WOO-5D4B,bancor_v3,0.000,1769398406958056801676620,3118399210643528112855447,nan,nan,nan,nan,nan,nan,nan,nan,0,nan,nan,nan,0x4691937a7508860F876c9c0a2a617E7d9E945D4B,nan,0.0
76,9868188640707215440437863615521278132307,2023-04-26 12:50:08.085419,17127579,bancor_v3 BNT-FF1C/wNXM-2bDE 0.000,BNT-FF1C/wNXM-2bDE,bancor_v3,0.000,272395868324743191070902,5054330216715497893310,nan,nan,nan,nan,nan,nan,nan,nan,0,nan,nan,nan,0x0d438F3b5175Bebc262bF23753C1E53d03432bDE,nan,0.0
77,9868188640707215440437863615521278132308,2023-04-26 09:41:30.94061,17127579,bancor_v3 BNT-FF1C/vBNT-7f94 0.000,BNT-FF1C/vBNT-7f94,bancor_v3,0.000,1250230796615872201019806,1522742746016061717811318,nan,nan,nan,nan,nan,nan,nan,nan,0,nan,nan,nan,0x48Fb253446873234F2fEBbF9BdeAA72d9d387f94,nan,0.0
78,9868188640707215440437863615521278132309,2023-04-26 02:57:52.199602,17127579,bancor_v3 BNT-FF1C/UMA-F828 0.000,BNT-FF1C/UMA-F828,bancor_v3,0.000,18829237830251717545670,4784884493141065471294,nan,nan,nan,nan,nan,nan,nan,nan,0,nan,nan,nan,0x04Fa0d235C4abf4BcF4787aF4CF447DE572eF828,nan,0.0
79,9868188640707215440437863615521278132310,2023-04-26 02:57:53.354529,17127579,bancor_v3 BNT-FF1C/TEMP-1aB9 0.000,BNT-FF1C/TEMP-1aB9,bancor_v3,0.000,27661220175678193724640,433021685110966615706222,nan,nan,nan,nan,nan,nan,nan,nan,0,nan,nan,nan,0xA36FDBBAE3c9d55a1d67EE5821d53B50B63A1aB9,nan,0.0
80,9868188640707215440437863615521278132311,2023-04-26 02:57:54.50747,17127579,bancor_v3 BNT-FF1C/SHEESHA-E768 0.000,BNT-FF1C/SHEESHA-E768,bancor_v3,0.000,11547809945544792153822,789062570274944426356,nan,nan,nan,nan,nan,nan,nan,nan,0,nan,nan,nan,0x232FB065D9d24c34708eeDbF03724f2e95ABE768,nan,0.0
81,9868188640707215440437863615521278132312,2023-04-26 02:57:55.706676,17127579,bancor_v3 BNT-FF1C/SATA-bEe1 0.000,BNT-FF1C/SATA-bEe1,bancor_v3,0.000,11807526170740158869499,466239855574549639675324,nan,nan,nan,nan,nan,nan,nan,nan,0,nan,nan,nan,0x3ebb4A4e91Ad83BE51F8d596533818b246F4bEe1,nan,0.0
82,9868188640707215440437863615521278132313,2023-04-26 02:57:56.906093,17127579,bancor_v3 BNT-FF1C/ROOK-3d4a 0.000,BNT-FF1C/ROOK-3d4a,bancor_v3,0.000,37028184144424183641402,342691167114150015773,nan,nan,nan,nan,nan,nan,nan,nan,0,nan,nan,nan,0xfA5047c9c78B8877af97BDcb85Db743fD7313d4a,nan,0.0
83,9868188640707215440437863615521278132314,2023-04-26 02:57:58.074271,17127579,bancor_v3 BNT-FF1C/RNB-e743 0.000,BNT-FF1C/RNB-e743,bancor_v3,0.000,19656882144061351018442,745650135813767200102892,nan,nan,nan,nan,nan,nan,nan,nan,0,nan,nan,nan,0x2A039B1D9bBDccBb91be28691b730ca893e5e743,nan,0.0
84,9868188640707215440437863615521278132315,2023-04-26 02:57:59.237954,17127579,bancor_v3 BNT-FF1C/RLC-7375 0.000,BNT-FF1C/RLC-7375,bancor_v3,0.000,35439916912416887831035,11137882841902,nan,nan,nan,nan,nan,nan,nan,nan,0,nan,nan,nan,0x607F4C5BB672230e8672085532f7e901544a7375,nan,0.0
85,9868188640707215440437863615521278132316,2023-04-26 12:55:28.318581,17127579,bancor_v3 BNT-FF1C/REQ-938a 0.000,BNT-FF1C/REQ-938a,bancor_v3,0.000,1247134108569179946912132,6492400798712687175620576,nan,nan,nan,nan,nan,nan,nan,nan,0,nan,nan,nan,0x8f8221aFbB33998d8584A2B05749bA73c37a938a,nan,0.0
86,9868188640707215440437863615521278132317,2023-04-26 13:17:50.543943,17127579,bancor_v3 BNT-FF1C/REN-2a38 0.000,BNT-FF1C/REN-2a38,bancor_v3,0.000,1229608521191894827302013,6225237101358196043534072,nan,nan,nan,nan,nan,nan,nan,nan,0,nan,nan,nan,0x408e41876cCCDC0F92210600ef50372656052a38,nan,0.0
87,9868188640707215440437863615521278132318,2023-04-26 02:58:02.994585,17127580,bancor_v3 BNT-FF1C/RARI-41CF 0.000,BNT-FF1C/RARI-41CF,bancor_v3,0.000,13209814442839567629556,4264600441324734338591,nan,nan,nan,nan,nan,nan,nan,nan,0,nan,nan,nan,0xFca59Cd816aB1eaD66534D82bc21E7515cE441CF,nan,0.0
88,9868188640707215440437863615521278132319,2023-04-26 02:58:04.249518,17127580,bancor_v3 BNT-FF1C/PHTR-22dA 0.000,BNT-FF1C/PHTR-22dA,bancor_v3,0.000,42857295014359698873755,722890054832423203890321,nan,nan,nan,nan,nan,nan,nan,nan,0,nan,nan,nan,0xE1Fc4455f62a6E89476f1072530C20CF1A0622dA,nan,0.0
89,9868188640707215440437863615521278132320,2023-04-26 08:24:58.695168,17127580,bancor_v3 BNT-FF1C/OPIUM-eC11 0.000,BNT-FF1C/OPIUM-eC11,bancor_v3,0.000,32853115734795769785764,119932471327588098587736,nan,nan,nan,nan,nan,nan,nan,nan,0,nan,nan,nan,0x888888888889C00c67689029D7856AAC1065eC11,nan,0.0
90,9868188640707215440437863615521278132321,2023-04-26 02:58:06.559182,17127580,bancor_v3 BNT-FF1C/NMR-6671 0.000,BNT-FF1C/NMR-6671,bancor_v3,0.000,35254058219266119088769,996324420493450988368,nan,nan,nan,nan,nan,nan,nan,nan,0,nan,nan,nan,0x1776e1F26f98b1A5dF9cD347953a26dd3Cb46671,nan,0.0
91,9868188640707215440437863615521278132322,2023-04-26 02:58:07.737324,17127580,bancor_v3 BNT-FF1C/NDX-5F83 0.000,BNT-FF1C/NDX-5F83,bancor_v3,0.000,13580041890625963623429,360250879503730205350495,nan,nan,nan,nan,nan,nan,nan,nan,0,nan,nan,nan,0x86772b1409b61c639EaAc9Ba0AcfBb6E238e5F83,nan,0.0
92,9868188640707215440437863615521278132323,2023-04-26 02:58:08.962621,17127580,bancor_v3 BNT-FF1C/MPH-35C5 0.000,BNT-FF1C/MPH-35C5,bancor_v3,0.000,19359156890681120245672,4242054506870563600579,nan,nan,nan,nan,nan,nan,nan,nan,0,nan,nan,nan,0x8888801aF4d980682e47f1A9036e589479e835C5,nan,0.0
93,9868188640707215440437863615521278132324,2023-04-26 13:46:47.817037,17127580,bancor_v3 BNT-FF1C/ZCN-3B78 0.000,BNT-FF1C/ZCN-3B78,bancor_v3,0.000,101185181959756395280490,3531172259878073,nan,nan,nan,nan,nan,nan,nan,nan,0,nan,nan,nan,0xb9EF770B6A5e12E45983C5D80545258aA38F3B78,nan,0.0
94,9868188640707215440437863615521278132325,2023-04-26 02:58:11.339577,17127580,bancor_v3 BNT-FF1C/LRC-EafD 0.000,BNT-FF1C/LRC-EafD,bancor_v3,0.000,20587776572120865669764,27875274109933728487896,nan,nan,nan,nan,nan,nan,nan,nan,0,nan,nan,nan,0xBBbbCA6A901c926F240b89EacB641d8Aec7AEafD,nan,0.0
95,9868188640707215440437863615521278132326,2023-04-26 02:58:12.734201,17127580,bancor_v3 BNT-FF1C/CROWN-E0fa 0.000,BNT-FF1C/CROWN-E0fa,bancor_v3,0.000,60533038619130537848371,2492738527831071764406916,nan,nan,nan,nan,nan,nan,nan,nan,0,nan,nan,nan,0x444d6088B0F625f8C20192623B3C43001135E0fa,nan,0.0
96,9868188640707215440437863615521278132327,2023-04-26 02:58:13.793732,17127581,bancor_v3 BNT-FF1C/DAPP-1649 0.000,BNT-FF1C/DAPP-1649,bancor_v3,0.000,235893736170692708434580,1687030542841,nan,nan,nan,nan,nan,nan,nan,nan,0,nan,nan,nan,0x939B462ee3311f8926c047D2B576C389092b1649,nan,0.0
97,9868188640707215440437863615521278132328,2023-04-26 02:58:14.970453,17127581,bancor_v3 BNT-FF1C/AMP-95C2 0.000,BNT-FF1C/AMP-95C2,bancor_v3,0.000,23535153499993882452360,3186768803951002749863307,nan,nan,nan,nan,nan,nan,nan,nan,0,nan,nan,nan,0xfF20817765cB7f73d4bde2e66e067E58D11095C2,nan,0.0
98,9868188640707215440437863615521278132329,2023-04-26 02:58:16.141782,17127581,bancor_v3 BNT-FF1C/ANKR-EDD4 0.000,BNT-FF1C/ANKR-EDD4,bancor_v3,0.000,26226599793724339396281,388304144242792812437201,nan,nan,nan,nan,nan,nan,nan,nan,0,nan,nan,nan,0x8290333ceF9e6D528dD5618Fb97a76f268f3EDD4,nan,0.0
99,9868188640707215440437863615521278132330,2023-04-26 02:58:17.35074,17127581,bancor_v3 BNT-FF1C/APW-60c8 0.000,BNT-FF1C/APW-60c8,bancor_v3,0.000,19471436568430999000527,27132388039311159427914,nan,nan,nan,nan,nan,nan,nan,nan,0,nan,nan,nan,0x4104b135DBC9609Fc1A9490E61369036497660c8,nan,0.0
100,9868188640707215440437863615521278132331,2023-04-26 09:03:24.301549,17127581,bancor_v3 BNT-FF1C/ARCONA-52B3 0.000,BNT-FF1C/ARCONA-52B3,bancor_v3,0.000,351984031698805481938948,2369478849292648886302347,nan,nan,nan,nan,nan,nan,nan,nan,0,nan,nan,nan,0x0f71B8De197A1C84d31de0F1fA7926c365F052B3,nan,0.0
101,9868188640707215440437863615521278132332,2023-04-26 02:58:19.973247,17127581,bancor_v3 BNT-FF1C/ARMOR-E46a 0.000,BNT-FF1C/ARMOR-E46a,bancor_v3,0.000,20016370098954646253800,1899756052993167165709697,nan,nan,nan,nan,nan,nan,nan,nan,0,nan,nan,nan,0x1337DEF16F9B486fAEd0293eb623Dc8395dFE46a,nan,0.0
102,9868188640707215440437863615521278132333,2023-04-26 02:58:21.140021,17127581,bancor_v3 BNT-FF1C/AUC-5663 0.000,BNT-FF1C/AUC-5663,bancor_v3,0.000,16204555422746392212483,4162871189566946675700536,nan,nan,nan,nan,nan,nan,nan,nan,0,nan,nan,nan,0xc12d099be31567add4e4e4d0D45691C3F58f5663,nan,0.0
103,9868188640707215440437863615521278132334,2023-04-26 11:47:10.865912,17127581,bancor_v3 BNT-FF1C/BBS-B430 0.000,BNT-FF1C/BBS-B430,bancor_v3,0.000,97043790430634044380308,2635165265926048791425569,nan,nan,nan,nan,nan,nan,nan,nan,0,nan,nan,nan,0xFe459828c90c0BA4bC8b42F5C5D44F316700B430,nan,0.0
104,9868188640707215440437863615521278132335,2023-04-26 02:58:23.461797,17127581,bancor_v3 BNT-FF1C/BORING-92CA 0.000,BNT-FF1C/BORING-92CA,bancor_v3,0.000,111996152530451545066645,20275058200069445818152919,nan,nan,nan,nan,nan,nan,nan,nan,0,nan,nan,nan,0xBC19712FEB3a26080eBf6f2F7849b417FdD792CA,nan,0.0
105,9868188640707215440437863615521278132336,2023-04-26 02:58:24.683869,17127581,bancor_v3 BNT-FF1C/COMP-6888 0.000,BNT-FF1C/COMP-6888,bancor_v3,0.000,300310513845135305330141,3592595030325308136084,nan,nan,nan,nan,nan,nan,nan,nan,0,nan,nan,nan,0xc00e94Cb662C3520282E6f5717214004A7f26888,nan,0.0
106,9868188640707215440437863615521278132337,2023-04-26 02:58:25.837572,17127582,bancor_v3 BNT-FF1C/DIP-cD83 0.000,BNT-FF1C/DIP-cD83,bancor_v3,0.000,23836680288435179628974,807632933430045259076680,nan,nan,nan,nan,nan,nan,nan,nan,0,nan,nan,nan,0xc719d010B63E5bbF2C0551872CD5316ED26AcD83,nan,0.0
107,9868188640707215440437863615521278132338,2023-04-26 10:39:11.635707,17127582,bancor_v3 BNT-FF1C/ACRE-FC21 0.000,BNT-FF1C/ACRE-FC21,bancor_v3,0.000,46738076260781761493372,18920973254730060941604543,nan,nan,nan,nan,nan,nan,nan,nan,0,nan,nan,nan,0xb2cABf797bc907B049e4cCB5b84d13be3a8CFC21,nan,0.0
108,9868188640707215440437863615521278132339,2023-04-26 02:58:28.182652,17127582,bancor_v3 BNT-FF1C/EDEN-1559 0.000,BNT-FF1C/EDEN-1559,bancor_v3,0.000,50045543391237002624566,383702250653033731217841,nan,nan,nan,nan,nan,nan,nan,nan,0,nan,nan,nan,0x1559FA1b8F28238FD5D76D9f434ad86FD20D1559,nan,0.0
109,9868188640707215440437863615521278132340,2023-04-26 02:58:29.404991,17127582,bancor_v3 BNT-FF1C/eRSDL-D3A6 0.000,BNT-FF1C/eRSDL-D3A6,bancor_v3,0.000,11484476836554767628709,2487471355741453430219149,nan,nan,nan,nan,nan,nan,nan,nan,0,nan,nan,nan,0x5218E472cFCFE0b64A064F055B43b4cdC9EfD3A6,nan,0.0
110,9868188640707215440437863615521278132341,2023-04-26 02:58:30.571696,17127582,bancor_v3 BNT-FF1C/HEGIC-8430 0.000,BNT-FF1C/HEGIC-8430,bancor_v3,0.000,12990451212293714739392,477607023108668605307247,nan,nan,nan,nan,nan,nan,nan,nan,0,nan,nan,nan,0x584bC13c7D411c00c01A62e8019472dE68768430,nan,0.0
111,9868188640707215440437863615521278132342,2023-04-26 02:58:31.716116,17127582,bancor_v3 BNT-FF1C/HOT-26E2 0.000,BNT-FF1C/HOT-26E2,bancor_v3,0.000,211502069261150680351026,55195598689816190141374404,nan,nan,nan,nan,nan,nan,nan,nan,0,nan,nan,nan,0x6c6EE5e31d828De241282B9606C8e98Ea48526E2,nan,0.0
112,9868188640707215440437863615521278132343,2023-04-26 13:59:15.615898,17127582,bancor_v3 BNT-FF1C/ICHI-A881 0.000,BNT-FF1C/ICHI-A881,bancor_v3,0.000,1844289446706079450320658,300032232680030,nan,nan,nan,nan,nan,nan,nan,nan,0,nan,nan,nan,0x903bEF1736CDdf2A537176cf3C64579C3867A881,nan,0.0
113,9868188640707215440437863615521278132344,2023-04-26 02:58:34.127804,17127582,bancor_v3 BNT-FF1C/IDLE-D39e 0.000,BNT-FF1C/IDLE-D39e,bancor_v3,0.000,15840054902759824343409,28363366198222483709393,nan,nan,nan,nan,nan,nan,nan,nan,0,nan,nan,nan,0x875773784Af8135eA0ef43b5a374AaD105c5D39e,nan,0.0
114,9868188640707215440437863615521278132345,2023-04-26 02:58:35.289977,17127582,bancor_v3 BNT-FF1C/INDEX-4cab 0.000,BNT-FF1C/INDEX-4cab,bancor_v3,0.000,10647770422199757291611,3154212016573142296992,nan,nan,nan,nan,nan,nan,nan,nan,0,nan,nan,nan,0x0954906da0Bf32d5479e25f46056d22f08464cab,nan,0.0
115,9868188640707215440437863615521278132346,2023-04-26 02:58:36.533106,17127582,bancor_v3 BNT-FF1C/KTN-FC1C 0.000,BNT-FF1C/KTN-FC1C,bancor_v3,0.000,14225642565072551918362,23312293191060696606065,nan,nan,nan,nan,nan,nan,nan,nan,0,nan,nan,nan,0x491E136FF7FF03E6aB097E54734697Bb5802FC1C,nan,0.0
116,9868188640707215440437863615521278132347,2023-04-26 02:58:37.792299,17127582,bancor_v3 BNT-FF1C/LPL-75B8 0.000,BNT-FF1C/LPL-75B8,bancor_v3,0.000,55652016801181084659681,133081115920854199374455,nan,nan,nan,nan,nan,nan,nan,nan,0,nan,nan,nan,0x99295f1141d58A99e939F7bE6BBe734916a875B8,nan,0.0
117,9868188640707215440437863615521278132348,2023-04-26 12:45:04.854051,17127583,bancor_v3 BNT-FF1C/SHIBGF-65d6 0.000,BNT-FF1C/SHIBGF-65d6,bancor_v3,0.000,23323225143904122108616,16679268384556881508765607405731,nan,nan,nan,nan,nan,nan,nan,nan,0,nan,nan,nan,0x505a84a03e382331A1Be487b632Cf357748b65d6,nan,0.0
118,9868188640707215440437863615521278132349,2023-04-26 14:16:30.692924,17127583,uniswap_v3 I-2897/WETH-6Cc2 500,I-2897/WETH-6Cc2,uniswap_v3,500,nan,nan,nan,nan,nan,nan,nan,nan,nan,nan,2507298298831897472256,-345390,10,1899362897104750021579278405461346,0x5d342c10657fd352ceb4d7cd23504580b950fb2f,nan,0.0005
119,9868188640707215440437863615521278132350,2023-04-26 14:16:31.586138,17127583,uniswap_v3 WETH-6Cc2/ARTSTIC-B7F9 3000,WETH-6Cc2/ARTSTIC-B7F9,uniswap_v3,3000,nan,nan,nan,nan,nan,nan,nan,nan,nan,nan,17732633948828052393966157435,-29941,60,80679519220907019394360208584860,0x623c55ef1c942931380a240d5026af4423f9037d,nan,0.003
120,9868188640707215440437863615521278132351,2023-04-26 14:16:32.467894,17127583,uniswap_v3 FIND-8E0a/WETH-6Cc2 100,FIND-8E0a/WETH-6Cc2,uniswap_v3,100,nan,nan,nan,nan,nan,nan,nan,nan,nan,nan,2505290050404204717468549472,-69082,1,63247155204488401085353361851299,0x61a6834c7928cbb03e6ac4d31b8bd1bbf2481894,nan,0.0001
121,9868188640707215440437863615521278132352,2023-04-26 14:16:33.3343,17127583,uniswap_v3 MingBi-9dB9/WETH-6Cc2 10000,MingBi-9dB9/WETH-6Cc2,uniswap_v3,10000,nan,nan,nan,nan,nan,nan,nan,nan,nan,nan,9601641141442574677394418782792193762670794,648600,200,41039594295544425395714545686268,0xb0afc043887a7e5f28a5da2e2ad3e2e46244923d,nan,0.01
122,9868188640707215440437863615521278132353,2023-04-26 14:16:34.243612,17127584,uniswap_v3 HMB-A68A/HMB-4929 10000,HMB-A68A/HMB-4929,uniswap_v3,10000,nan,nan,nan,nan,nan,nan,nan,nan,nan,nan,79234018702639325319854270185,1,200,960068376184983751434477832218,0x010e3607ee6d9f43a24efe589a9fec74bba101fd,nan,0.01
123,9868188640707215440437863615521278132354,2023-04-26 14:16:35.130372,17127584,uniswap_v3 XEN-6Fb8/XUSD-E7d8 3000,XEN-6Fb8/XUSD-E7d8,uniswap_v3,3000,nan,nan,nan,nan,nan,nan,nan,nan,nan,nan,26858631252721114300120,-297961,60,886318691688261563089568448442,0x76764f4f6afed0329e72cf6982d83f877ee9ebae,nan,0.003
124,9868188640707215440437863615521278132355,2023-04-26 14:16:36.037875,17127584,uniswap_v3 ITO-C5Ab/WETH-6Cc2 3000,ITO-C5Ab/WETH-6Cc2,uniswap_v3,3000,nan,nan,nan,nan,nan,nan,nan,nan,nan,nan,61395992977184948058358229661,-5100,60,397207105940493915986914707343,0x2e5848efcfac935dd243c9094048ac346e198e1d,nan,0.003
125,9868188640707215440437863615521278132356,2023-04-26 14:16:36.932789,17127584,uniswap_v3 HVC-51a4/WETH-6Cc2 3000,HVC-51a4/WETH-6Cc2,uniswap_v3,3000,nan,nan,nan,nan,nan,nan,nan,nan,nan,nan,79872537192210627084928868,-138000,60,370222054922916232567263130009,0x06bd1af522f43bc270203e96a019b4779195b870,nan,0.003
126,9868188640707215440437863615521278132357,2023-04-26 14:16:37.806027,17127585,uniswap_v3 OTO-8b56/WETH-6Cc2 3000,OTO-8b56/WETH-6Cc2,uniswap_v3,3000,nan,nan,nan,nan,nan,nan,nan,nan,nan,nan,55442678750543881940367004914,-7140,60,361437599700506108538299926970,0x18bb49dabec36c29af9450f420e675f46c416042,nan,0.003
127,9868188640707215440437863615521278132358,2023-04-26 14:16:38.678345,17127585,uniswap_v3 BBA-8eb0/WETH-6Cc2 500,BBA-8eb0/WETH-6Cc2,uniswap_v3,500,nan,nan,nan,nan,nan,nan,nan,nan,nan,nan,6137759138508114554119266783,-51160,10,209075657367446253376843849455,0x76ad89d68b81affc636b4b4b23efb426f0150078,nan,0.0005
128,9868188640707215440437863615521278132359,2023-04-26 14:16:39.591297,17127585,uniswap_v3 MASATO-921A/WETH-6Cc2 3000,MASATO-921A/WETH-6Cc2,uniswap_v3,3000,nan,nan,nan,nan,nan,nan,nan,nan,nan,nan,25317339716438848322217487,-160980,60,159932759263832461248144686704,0xad76da68a204fe301cc9b1c60f7166db73d35e76,nan,0.003
129,9868188640707215440437863615521278132360,2023-04-26 14:16:40.506751,17127585,uniswap_v3 100MD-fBe6/SHIB-C4cE 3000,100MD-fBe6/SHIB-C4cE,uniswap_v3,3000,nan,nan,nan,nan,nan,nan,nan,nan,nan,nan,27679464853141944727867160,-159196,60,158106099875351593507670235542,0x058e136bc597082589d2cf5d0d021e22b6556a9c,nan,0.003
130,9868188640707215440437863615521278132361,2023-04-26 14:16:41.394952,17127586,uniswap_v3 STFMG-1e39/WETH-6Cc2 3000,STFMG-1e39/WETH-6Cc2,uniswap_v3,3000,nan,nan,nan,nan,nan,nan,nan,nan,nan,nan,79228162514264950703963747735,0,60,128835647668202536076057937277,0x2df3f8e466d4924d86c35213dcef8c6955c6813a,nan,0.003
131,9868188640707215440437863615521278132362,2023-04-26 14:16:42.26442,17127586,uniswap_v3 WETH-6Cc2/BDOG-15B5 3000,WETH-6Cc2/BDOG-15B5,uniswap_v3,3000,nan,nan,nan,nan,nan,nan,nan,nan,nan,nan,129309229360466366196901513434837,147959,60,102428942283254036119730691625,0xedcfece1060e568e10425e95e35b179d5b5a2b5f,nan,0.003
132,9868188640707215440437863615521278132363,2023-04-26 14:16:43.169321,17127586,uniswap_v3 ADOGE-DEc5/WETH-6Cc2 500,ADOGE-DEc5/WETH-6Cc2,uniswap_v3,500,nan,nan,nan,nan,nan,nan,nan,nan,nan,nan,3864680890221515215390,-336737,10,41019793521174930340943990207,0x235c74836bf329a8c4172af9d07173f38026a49c,nan,0.0005
133,9868188640707215440437863615521278132364,2023-04-26 14:16:44.075808,17127586,uniswap_v3 RCK-53CC/WETH-6Cc2 3000,RCK-53CC/WETH-6Cc2,uniswap_v3,3000,nan,nan,nan,nan,nan,nan,nan,nan,nan,nan,766871296754616795793231697,-92760,60,28394245990140469381709294456,0x7563201511e9e89d2919de06c30250dc97af927b,nan,0.003
134,9868188640707215440437863615521278132365,2023-04-26 14:16:44.981203,17127586,uniswap_v3 TOS-8153/WTON-bff2 3000,TOS-8153/WTON-bff2,uniswap_v3,3000,nan,nan,nan,nan,nan,nan,nan,nan,nan,nan,1653031466101339614686949692981382,198925,60,27282741918906986775129883807,0x1c0ce9aaa0c12f53df3b4d8d77b82d6ad343b4e4,nan,0.003
135,9868188640707215440437863615521278132366,2023-04-26 14:16:45.905451,17127587,uniswap_v3 KNX-9F6B/KNX-7DA0 100,KNX-9F6B/KNX-7DA0,uniswap_v3,100,nan,nan,nan,nan,nan,nan,nan,nan,nan,nan,79228474375668254827157245404,0,1,25002057575358231317248070504,0xdfadab25757e97d90d491eaf98e74b4a8f430e97,nan,0.0001
136,9868188640707215440437863615521278132367,2023-04-26 14:16:46.806744,17127587,uniswap_v3 ELON-60F3/carbon-3286 500,ELON-60F3/carbon-3286,uniswap_v3,500,nan,nan,nan,nan,nan,nan,nan,nan,nan,nan,96868342804653119847463477758,4020,10,19683788457982114359234482732,0x3a381e03c43938c24fc2ea9a86045c2ca1a94e92,nan,0.0005
137,9868188640707215440437863615521278132368,2023-04-26 14:16:47.688271,17127587,uniswap_v3 DIM-44Ac/WETH-6Cc2 3000,DIM-44Ac/WETH-6Cc2,uniswap_v3,3000,nan,nan,nan,nan,nan,nan,nan,nan,nan,nan,3535125197261573592139,-338519,60,14895353814917203745239295782,0xfcb8651ec7c8d610c2c19ba6a4a4bf6bc7e08c76,nan,0.003
138,9868188640707215440437863615521278132369,2023-04-26 14:16:48.598417,17127587,uniswap_v3 STFMG-1e39/STARS-b7f5 500,STFMG-1e39/STARS-b7f5,uniswap_v3,500,nan,nan,nan,nan,nan,nan,nan,nan,nan,nan,250541420848926799767093183551,23027,10,10795150442736047496524170311,0x9f7e947239de8db3cd500e1180797b22c0192531,nan,0.0005
139,9868188640707215440437863615521278132370,2023-04-26 14:16:49.532699,17127588,uniswap_v3 ELONINDEX-23D0/ELON-60F3 10000,ELONINDEX-23D0/ELON-60F3,uniswap_v3,10000,nan,nan,nan,nan,nan,nan,nan,nan,nan,nan,80832662512830560677965813661,401,200,10403759458641480737358124500,0x86920f1b233ffd2cf359b378b78f708f2c372561,nan,0.01
140,9868188640707215440437863615521278132371,2023-04-26 14:16:50.455457,17127588,uniswap_v3 PROS-008A/BTT-7957 3000,PROS-008A/BTT-7957,uniswap_v3,3000,nan,nan,nan,nan,nan,nan,nan,nan,nan,nan,3972441017551268967056654922253,78299,60,9088665013482645866115632713,0x8a31e6ac998b497bb4db8c9bbaab6a3fe636605c,nan,0.003
141,9868188640707215440437863615521278132372,2023-04-26 14:16:51.326097,17127588,uniswap_v3 FAMILY-4798/DAI-1d0F 3000,FAMILY-4798/DAI-1d0F,uniswap_v3,3000,nan,nan,nan,nan,nan,nan,nan,nan,nan,nan,56039046428144000860671167,-145089,60,7707739527172792164672617327,0xf58b9748e838d09ff3ccc20d602321003c516dc2,nan,0.003
142,9868188640707215440437863615521278132373,2023-04-26 14:16:52.214188,17127588,uniswap_v3 KOCHI-f735/WETH-6Cc2 3000,KOCHI-f735/WETH-6Cc2,uniswap_v3,3000,nan,nan,nan,nan,nan,nan,nan,nan,nan,nan,43144875972746045107240,-288480,60,5746629506064134927822471692,0xdab59355190d110f9f71a5f97993511343264db3,nan,0.003
143,9868188640707215440437863615521278132374,2023-04-26 14:16:53.171844,17127589,uniswap_v3 DAI-1d0F/FRAX-b99e 500,DAI-1d0F/FRAX-b99e,uniswap_v3,500,nan,nan,nan,nan,nan,nan,nan,nan,nan,nan,79235234172554935487118152215,1,10,4146438787420697020417835792,0x97e7d56a0408570ba1a7852de36350f7713906ec,nan,0.0005
144,9868188640707215440437863615521278132375,2023-04-26 14:16:54.028358,17127589,uniswap_v3 WETH-6Cc2/USE-b9E1 10000,WETH-6Cc2/USE-b9E1,uniswap_v3,10000,nan,nan,nan,nan,nan,nan,nan,nan,nan,nan,8351526323704013854163457558,-45001,200,3819411750328585454361014286,0xd4ffa25b7cbb1c963e95b2876c49606e36b66826,nan,0.01
145,9868188640707215440437863615521278132376,2023-04-26 14:16:54.990455,17127589,uniswap_v3 Murakami-cDE9/WETH-6Cc2 100,Murakami-cDE9/WETH-6Cc2,uniswap_v3,100,nan,nan,nan,nan,nan,nan,nan,nan,nan,nan,2630312743816641410541773,-206270,1,2802404226302715222396601971,0xc536deb8d19a3347f5ae088e3ac309cefab6db53,nan,0.0001
146,9868188640707215440437863615521278132377,2023-04-26 14:16:55.86282,17127589,uniswap_v3 ARTS-e2DE/HVE2-73f5 10000,ARTS-e2DE/HVE2-73f5,uniswap_v3,10000,nan,nan,nan,nan,nan,nan,nan,nan,nan,nan,832233936552210969235652131161447,185200,200,2720095996409025868739310804,0x134aef44660609f9220d63f079f739549d650b08,nan,0.01
147,9868188640707215440437863615521278132378,2023-04-26 14:16:56.721043,17127590,uniswap_v3 CLNR-f992/CLEANER-a514 500,CLNR-f992/CLEANER-a514,uniswap_v3,500,nan,nan,nan,nan,nan,nan,nan,nan,nan,nan,77745326849810437634480697568,-378,10,2617069234021384840998285185,0xb57a06451abc1f8f68387eaa001972d21f1e16d4,nan,0.0005
148,9868188640707215440437863615521278132379,2023-04-26 14:16:57.5961,17127590,uniswap_v3 Metti-4573/WETH-6Cc2 3000,Metti-4573/WETH-6Cc2,uniswap_v3,3000,nan,nan,nan,nan,nan,nan,nan,nan,nan,nan,40268397673977093745677,-289860,60,2382331255372616664682721386,0x0378304e50fced815abf96f30837c3c61a750c82,nan,0.003
149,9868188640707215440437863615521278132380,2023-04-26 14:16:58.495304,17127590,uniswap_v3 UMIIE-2D9B/UMIIE2-056f 500,UMIIE-2D9B/UMIIE2-056f,uniswap_v3,500,nan,nan,nan,nan,nan,nan,nan,nan,nan,nan,792049440195001924670217089101,46048,10,1706245281880037395956227425,0xa850478adaace4c08fc61de44d8cf3b64f359bec,nan,0.0005
150,9868188640707215440437863615521278132381,2023-04-26 14:16:59.388083,17127590,uniswap_v3 WETH-6Cc2/SHIBAGOLD-86De 3000,WETH-6Cc2/SHIBAGOLD-86De,uniswap_v3,3000,nan,nan,nan,nan,nan,nan,nan,nan,nan,nan,3067873762625226328570898725243887196,349455,60,1637554114999221785950393590,0x0ff3164c4fcb2bebc21cc25ef4bd5743b893f464,nan,0.003
151,9868188640707215440437863615521278132382,2023-04-26 14:17:00.304958,17127590,uniswap_v3 WVRH-F456/VRH-44b2 500,WVRH-F456/VRH-44b2,uniswap_v3,500,nan,nan,nan,nan,nan,nan,nan,nan,nan,nan,78998930577773660451150683183,-58,10,904552498862564400285983306,0xd6a0118a81444969c854bf2cc6731101ff99cd02,nan,0.0005
152,9868188640707215440437863615521278132383,2023-04-26 14:17:01.246328,17127591,uniswap_v3 MOVIE-1769/WETH-6Cc2 10000,MOVIE-1769/WETH-6Cc2,uniswap_v3,10000,nan,nan,nan,nan,nan,nan,nan,nan,nan,nan,7922438123252975357,-460541,200,819622322437021667493497223,0x47ce13d5c5f16a15ccfe7fc9f2cdc44b0d6d4b84,nan,0.01
153,9868188640707215440437863615521278132384,2023-04-26 14:17:02.224975,17127591,uniswap_v3 WETH-6Cc2/MLD-58d8 100,WETH-6Cc2/MLD-58d8,uniswap_v3,100,nan,nan,nan,nan,nan,nan,nan,nan,nan,nan,247802535158040135755071163696432049,299131,1,802410567937807085180257471,0x4ceeafbe41095d980d6124078e7db5412de3a23c,nan,0.0001
154,9868188640707215440437863615521278132385,2023-04-26 14:17:03.138148,17127591,uniswap_v3 WOJAK-9aaB/PEPE-1933 10000,WOJAK-9aaB/PEPE-1933,uniswap_v3,10000,nan,nan,nan,nan,nan,nan,nan,nan,nan,nan,1449102807755644230663169267109,58130,200,4441380479350854607209213593,0x0b4cb9d4fb1cee079392bc7cf6417a669f4c2dbd,nan,0.01
155,9868188640707215440437863615521278132386,2023-04-26 14:17:04.044997,17127591,uniswap_v3 CIV-361d/0NE-f4C2 3000,CIV-361d/0NE-f4C2,uniswap_v3,3000,nan,nan,nan,nan,nan,nan,nan,nan,nan,nan,181307120495820561005656939625831,154720,60,691947377056917697375320530,0x27887664e38c04ea151964d1f87dd5fd96aa50ec,nan,0.003
156,9868188640707215440437863615521278132387,2023-04-26 14:17:04.997693,17127592,uniswap_v3 AKITA-23E6/carbon-3286 500,AKITA-23E6/carbon-3286,uniswap_v3,500,nan,nan,nan,nan,nan,nan,nan,nan,nan,nan,82750490974850447869536390177,870,10,596486137912416619869114281,0xfc9bc741db8694079709007a550de22ad4f37963,nan,0.0005
157,9868188640707215440437863615521278132388,2023-04-26 14:17:05.883782,17127592,uniswap_v3 OGER-8a62/LUNA-1ea9 10000,OGER-8a62/LUNA-1ea9,uniswap_v3,10000,nan,nan,nan,nan,nan,nan,nan,nan,nan,nan,2462353325587865336520439493,-69428,200,537779329411174022186956790,0x55ca37c8f5ea36f62016ec36feae6073c4ac0af6,nan,0.01
158,9868188640707215440437863615521278132389,2023-04-26 14:17:06.752425,17127592,uniswap_v3 ASCX-3877/WETH-6Cc2 10000,ASCX-3877/WETH-6Cc2,uniswap_v3,10000,nan,nan,nan,nan,nan,nan,nan,nan,nan,nan,251828736443286479849402,-253195,200,532658817211168258651944698,0x035193e068e068e478f46bd703e87f580a03bca2,nan,0.01
159,9868188640707215440437863615521278132390,2023-04-26 14:17:07.636014,17127592,uniswap_v3 WETH-6Cc2/WTON-bff2 3000,WETH-6Cc2/WTON-bff2,uniswap_v3,3000,nan,nan,nan,nan,nan,nan,nan,nan,nan,nan,82457918740948790865181837437365496,277123,60,467661815974142552840177978,0xc29271e3a68a7647fd1399298ef18feca3879f59,nan,0.003
160,9868188640707215440437863615521278132391,2023-04-26 14:17:08.55406,17127592,uniswap_v3 GROGU-7654/WETH-6Cc2 3000,GROGU-7654/WETH-6Cc2,uniswap_v3,3000,nan,nan,nan,nan,nan,nan,nan,nan,nan,nan,359767320242784919642859,-246061,60,9458005704829944932125242,0x04209b7acfeeca8c00f536d6a1dbfc22726ff6c6,nan,0.003
161,9868188640707215440437863615521278132392,2023-04-26 14:17:09.470896,17127593,uniswap_v3 sUSD-5f51/FRAX-b99e 500,sUSD-5f51/FRAX-b99e,uniswap_v3,500,nan,nan,nan,nan,nan,nan,nan,nan,nan,nan,79305164510440001973988190257,19,10,303622405569085379075568614,0x34ff465ee92516e9855eb60f520df0384f410b45,nan,0.0005
162,9868188640707215440437863615521278132393,2023-04-26 14:17:10.353349,17127593,uniswap_v3 SPAY-846A/WETH-6Cc2 500,SPAY-846A/WETH-6Cc2,uniswap_v3,500,nan,nan,nan,nan,nan,nan,nan,nan,nan,nan,79236137703256405271433429,-138160,10,300881387087923786023872076,0xa0181520778861aed10003e8957b6a6829e6c9c8,nan,0.0005
163,9868188640707215440437863615521278132394,2023-04-26 14:17:11.272069,17127593,uniswap_v3 WETH-6Cc2/FXM-4099 100,WETH-6Cc2/FXM-4099,uniswap_v3,100,nan,nan,nan,nan,nan,nan,nan,nan,nan,nan,11203227781029625804898476185656004,237199,1,279251322674439598798655337,0x327b60c67547ac333c8aa107011f4c39b420fd31,nan,0.0001
164,9868188640707215440437863615521278132395,2023-04-26 14:17:12.181322,17127593,uniswap_v3 UKAN-30Ca/WETH-6Cc2 10000,UKAN-30Ca/WETH-6Cc2,uniswap_v3,10000,nan,nan,nan,nan,nan,nan,nan,nan,nan,nan,122819780359258774932370,-267556,200,264374918111253093331143224,0xe68acf3a42b74b0d7609330661732b08a28febee,nan,0.01
165,9868188640707215440437863615521278132396,2023-04-26 14:17:13.070921,17127594,uniswap_v3 GILD-259c/WETH-6Cc2 3000,GILD-259c/WETH-6Cc2,uniswap_v3,3000,nan,nan,nan,nan,nan,nan,nan,nan,nan,nan,165074331196722827333359559,-123480,60,262759331133501583399817418,0x5744957861cf2a51ba2ad1c0262438aaaf5c54a9,nan,0.003
166,9868188640707215440437863615521278132397,2023-04-26 14:17:13.983541,17127594,uniswap_v3 WETH-6Cc2/testv3-821e 3000,WETH-6Cc2/testv3-821e,uniswap_v3,3000,nan,nan,nan,nan,nan,nan,nan,nan,nan,nan,7875234509378064595204492961932614218,368311,60,251352007517868877533795787,0x16ba077fc44c6ef18483c93137d6db1d6351f7b4,nan,0.003
167,9868188640707215440437863615521278132398,2023-04-26 14:17:14.963132,17127594,uniswap_v3 CBBGSBF-cfB9/CBBG-53D2 3000,CBBGSBF-cfB9/CBBG-53D2,uniswap_v3,3000,nan,nan,nan,nan,nan,nan,nan,nan,nan,nan,79228161805224655805148406871,-1,60,243015355508076619743617424,0xf5e6098be58ca3bf141fb0904ad87610939d1cd0,nan,0.003
168,9868188640707215440437863615521278132399,2023-04-26 03:00:59.168066,17127594,uniswap_v2 UETH-80b3/ULCK-E629 0.003,UETH-80b3/ULCK-E629,uniswap_v2,0.003,3000000303498494970661021,999999900300031379681661,nan,nan,nan,nan,nan,nan,nan,nan,0,nan,nan,nan,0xe6c78983b07a07e0523b57e18aa23d3ae2519e05,nan,0.003
169,9868188640707215440437863615521278132400,2023-04-26 11:18:44.627804,17127594,uniswap_v2 WISE-5bd6/WETH-6Cc2 0.003,WISE-5bd6/WETH-6Cc2,uniswap_v2,0.003,435802751804324554237141633,34082297253262333410509,nan,nan,nan,nan,nan,nan,nan,nan,0,nan,nan,nan,0x21b8065d10f73ee2e260e5b47d3344d3ced7596e,nan,0.003
170,9868188640707215440437863615521278132401,2023-04-26 14:15:33.986717,17127594,uniswap_v2 USDC-eB48/WETH-6Cc2 0.003,USDC-eB48/WETH-6Cc2,uniswap_v2,0.003,36261493395747,18592465452538740235568,nan,nan,nan,nan,nan,nan,nan,nan,0,nan,nan,nan,0xb4e16d0168e52d35cacd2c6185b44281ec28c9dc,nan,0.003
171,9868188640707215440437863615521278132402,2023-04-26 14:17:15.992745,17127595,uniswap_v2 WETH-6Cc2/USDT-1ec7 0.003,WETH-6Cc2/USDT-1ec7,uniswap_v2,0.003,15680446276969008054545,30643855036023,nan,nan,nan,nan,nan,nan,nan,nan,0,nan,nan,nan,0x0d4a11d5eeaac28ec3f61d100daf4d40471f1852,nan,0.003
172,9868188640707215440437863615521278132403,2023-04-26 03:01:04.593366,17127595,uniswap_v2 DELTA-20EF/WETH-6Cc2 0.003,DELTA-20EF/WETH-6Cc2,uniswap_v2,0.003,1121948357413710194599,9185295042511528678,nan,nan,nan,nan,nan,nan,nan,nan,0,nan,nan,nan,0x7d7e813082ef6c143277c71786e5be626ec77b20,nan,0.003
173,9868188640707215440437863615521278132404,2023-04-26 03:01:06.184004,17127595,uniswap_v2 FNK-48Ad/USDT-1ec7 0.003,FNK-48Ad/USDT-1ec7,uniswap_v2,0.003,36127913963163659352981070,14869709880200,nan,nan,nan,nan,nan,nan,nan,nan,0,nan,nan,nan,0x61b62c5d56ccd158a38367ef2f539668a06356ab,nan,0.003
174,9868188640707215440437863615521278132405,2023-04-26 03:01:08.629014,17127595,uniswap_v2 RK:ETH-AA96/ROOT-570E 0.003,RK:ETH-AA96/ROOT-570E,uniswap_v2,0.003,34265784528082570480316,6330728736030446924878,nan,nan,nan,nan,nan,nan,nan,nan,0,nan,nan,nan,0x0617d5ffb29c03ac35f1863b8a50ce1b52d446f6,nan,0.003
175,9868188640707215440437863615521278132406,2023-04-26 11:11:47.308989,17127595,uniswap_v2 DAI-1d0F/USDC-eB48 0.003,DAI-1d0F/USDC-eB48,uniswap_v2,0.003,12988588821959579824889514,12993022943599,nan,nan,nan,nan,nan,nan,nan,nan,0,nan,nan,nan,0xae461ca67b15dc8dc81ce7615e0320da1a9ab8d5,nan,0.003
176,9868188640707215440437863615521278132407,2023-04-26 14:01:56.386873,17127595,uniswap_v2 USDC-eB48/USDT-1ec7 0.003,USDC-eB48/USDT-1ec7,uniswap_v2,0.003,11554889185457,11571959001110,nan,nan,nan,nan,nan,nan,nan,nan,0,nan,nan,nan,0x3041cbd36888becc7bbcbc0045e3b1f144466f5f,nan,0.003
177,9868188640707215440437863615521278132408,2023-04-26 03:01:12.805344,17127595,uniswap_v2 ETH2POS-1Df9/DC-802C 0.003,ETH2POS-1Df9/DC-802C,uniswap_v2,0.003,999852073741762253444,8652683810000000000000000,nan,nan,nan,nan,nan,nan,nan,nan,0,nan,nan,nan,0xe2f95dae6c5763c357447fe1ffb3f2a884bdc0b5,nan,0.003
178,9868188640707215440437863615521278132409,2023-04-26 03:01:15.296502,17127596,uniswap_v2 M2-D15C/wPE-881b 0.003,M2-D15C/wPE-881b,uniswap_v2,0.003,20175360312838892457032087295,10712285657115047065082,nan,nan,nan,nan,nan,nan,nan,nan,0,nan,nan,nan,0x9816f26f43c4c02df0daae1a0ba6a4dcd30b8ab7,nan,0.003
179,9868188640707215440437863615521278132410,2023-04-26 14:03:55.410756,17127596,uniswap_v2 DAI-1d0F/WETH-6Cc2 0.003,DAI-1d0F/WETH-6Cc2,uniswap_v2,0.003,7925434192893823464757065,4062532464812267931470,nan,nan,nan,nan,nan,nan,nan,nan,0,nan,nan,nan,0xa478c2975ab1ea89e8196811f51a7b7ade33eb11,nan,0.003
180,9868188640707215440437863615521278132411,2023-04-26 12:56:26.816485,17127596,uniswap_v2 FXS-64D0/FRAX-b99e 0.003,FXS-64D0/FRAX-b99e,uniswap_v2,0.003,888002910876531034243382,7765269404467238019592774,nan,nan,nan,nan,nan,nan,nan,nan,0,nan,nan,nan,0xe1573b9d29e2183b1af0e743dc2754979a40d237,nan,0.003
181,9868188640707215440437863615521278132412,2023-04-26 03:01:20.444983,17127596,uniswap_v2 DBL-8d29/BLUE-0606 0.003,DBL-8d29/BLUE-0606,uniswap_v2,0.003,73002941537889,9518464796191998,nan,nan,nan,nan,nan,nan,nan,nan,0,nan,nan,nan,0xc86881ef494b049fe3e624ae6fdf542f58ab1931,nan,0.003
182,9868188640707215440437863615521278132413,2023-04-26 03:01:22.770361,17127596,uniswap_v2 HANU-BCC0/MIA-Ce0B 0.003,HANU-BCC0/MIA-Ce0B,uniswap_v2,0.003,242530361364932273042347915,2526124439378733535727,nan,nan,nan,nan,nan,nan,nan,nan,0,nan,nan,nan,0x48918f57fa7210ea7b20f23da8420e68df3578fe,nan,0.003
183,9868188640707215440437863615521278132414,2023-04-26 03:01:24.532903,17127596,uniswap_v2 HANU-BCC0/GOJ-679A 0.003,HANU-BCC0/GOJ-679A,uniswap_v2,0.003,247540778829037801193261031,2474673502119613153,nan,nan,nan,nan,nan,nan,nan,nan,0,nan,nan,nan,0x93512394a82d278b9961e3891a59c6dc1c2e4f98,nan,0.003
184,9868188640707215440437863615521278132415,2023-04-26 09:42:38.246948,17127597,uniswap_v2 XXi-6df2/WETH-6Cc2 0.003,XXi-6df2/WETH-6Cc2,uniswap_v2,0.003,21781210542481,3734897257229640185446,nan,nan,nan,nan,nan,nan,nan,nan,0,nan,nan,nan,0x0af81cd5d9c124b4859d65697a4cd10ee223746a,nan,0.003
185,9868188640707215440437863615521278132416,2023-04-26 14:15:37.720428,17127597,uniswap_v2 WETH-6Cc2/CAW-e452 0.003,WETH-6Cc2/CAW-e452,uniswap_v2,0.003,3606911020568893111359,60373327679762665409613567013737,nan,nan,nan,nan,nan,nan,nan,nan,0,nan,nan,nan,0x48d20b3e529fb3dd7d91293f80638df582ab2daa,nan,0.003
186,9868188640707215440437863615521278132417,2023-04-26 13:44:01.452009,17127597,uniswap_v2 MC-E5d6/WETH-6Cc2 0.003,MC-E5d6/WETH-6Cc2,uniswap_v2,0.003,22830173614665108146290594,3481591389095382426386,nan,nan,nan,nan,nan,nan,nan,nan,0,nan,nan,nan,0xccb63225a7b19dcf66717e4d40c9a72b39331d61,nan,0.003
187,9868188640707215440437863615521278132418,2023-04-26 14:03:57.624825,17127597,uniswap_v2 ELON-60F3/WETH-6Cc2 0.003,ELON-60F3/WETH-6Cc2,uniswap_v2,0.003,22548806157014559791758893500310,3315861375667325648883,nan,nan,nan,nan,nan,nan,nan,nan,0,nan,nan,nan,0x7b73644935b8e68019ac6356c40661e1bc315860,nan,0.003
188,9868188640707215440437863615521278132419,2023-04-26 03:01:32.00989,17127597,uniswap_v2 BHNY-0844/wPE-881b 0.003,BHNY-0844/wPE-881b,uniswap_v2,0.003,2809725127064935037202718,3473226961608753592887,nan,nan,nan,nan,nan,nan,nan,nan,0,nan,nan,nan,0x9ec96dcb54331626b79d8450a3daa9bcfa02e0b0,nan,0.003
189,9868188640707215440437863615521278132420,2023-04-26 13:32:33.439971,17127597,uniswap_v2 UNI-F984/WETH-6Cc2 0.003,UNI-F984/WETH-6Cc2,uniswap_v2,0.003,1023117436298455379680373,2953083105842912264158,nan,nan,nan,nan,nan,nan,nan,nan,0,nan,nan,nan,0xd3d2e2692501a5c9ca623199d38826e513033a17,nan,0.003
190,9868188640707215440437863615521278132421,2023-04-26 13:28:59.372049,17127597,uniswap_v2 vUSD-937A/VOW-46Fb 0.003,vUSD-937A/VOW-46Fb,uniswap_v2,0.003,14775484164433510004682573,22560463885024541035410304,nan,nan,nan,nan,nan,nan,nan,nan,0,nan,nan,nan,0x97be09f2523b39b835da9ea3857cfa1d3c660cbb,nan,0.003
191,9868188640707215440437863615521278132422,2023-04-26 13:58:23.531334,17127597,uniswap_v2 WBTC-C599/WETH-6Cc2 0.003,WBTC-C599/WETH-6Cc2,uniswap_v2,0.003,17206065479,2620725480090720872589,nan,nan,nan,nan,nan,nan,nan,nan,0,nan,nan,nan,0xbb2b8038a1640196fbe3e38816f3e67cba72d940,nan,0.003
192,9868188640707215440437863615521278132423,2023-04-26 11:08:29.897169,17127598,uniswap_v2 FEI-87CA/TRIBE-212B 0.003,FEI-87CA/TRIBE-212B,uniswap_v2,0.003,9340303033481614341577045,30669971943318513987862633,nan,nan,nan,nan,nan,nan,nan,nan,0,nan,nan,nan,0x9928e4046d7c6513326ccea028cd3e7a91c7590a,nan,0.003
193,9868188640707215440437863615521278132424,2023-04-26 14:17:21.478345,17127598,uniswap_v2 PAXG-Af78/WETH-6Cc2 0.003,PAXG-Af78/WETH-6Cc2,uniswap_v2,0.003,1955597701116650453559,1997010959049665424811,nan,nan,nan,nan,nan,nan,nan,nan,0,nan,nan,nan,0x9c4fe5ffd9a9fc5678cfbd93aa2d4fd684b67c4c,nan,0.003
194,9868188640707215440437863615521278132425,2023-04-26 12:34:08.80545,17127598,uniswap_v2 BigSB-b6F6/USDC-eB48 0.003,BigSB-b6F6/USDC-eB48,uniswap_v2,0.003,2551722853594432083622783,3851535413567,nan,nan,nan,nan,nan,nan,nan,nan,0,nan,nan,nan,0x149148acc3b06b8cc73af3a10e84189243a35925,nan,0.003
195,9868188640707215440437863615521278132426,2023-04-26 14:15:40.284272,17127598,uniswap_v2 WETH-6Cc2/SUPER-0A55 0.003,WETH-6Cc2/SUPER-0A55,uniswap_v2,0.003,1808312779238822958659,22119006781865204061267538,nan,nan,nan,nan,nan,nan,nan,nan,0,nan,nan,nan,0x25647e01bd0967c1b9599fa3521939871d1d0888,nan,0.003
196,9868188640707215440437863615521278132427,2023-04-26 12:47:42.276018,17127598,uniswap_v2 WAXE-4DFD/WETH-6Cc2 0.003,WAXE-4DFD/WETH-6Cc2,uniswap_v2,0.003,4978514411804,1776610304635624593202,nan,nan,nan,nan,nan,nan,nan,nan,0,nan,nan,nan,0x0ee0cb563a52ae1170ac34fbb94c50e89adde4bd,nan,0.003
197,9868188640707215440437863615521278132428,2023-04-26 14:02:01.883298,17127598,uniswap_v2 WETH-6Cc2/FLOKI-6a2E 0.003,WETH-6Cc2/FLOKI-6a2E,uniswap_v2,0.003,1677777983833915468790,83275111139048574281,nan,nan,nan,nan,nan,nan,nan,nan,0,nan,nan,nan,0xca7c2771d248dcbe09eabe0ce57a62e18da178c0,nan,0.003
198,9868188640707215440437863615521278132429,2023-04-26 03:01:48.873622,17127598,uniswap_v2 UETH-80b3/DAPE-7A06 0.003,UETH-80b3/DAPE-7A06,uniswap_v2,0.003,10000000000000000000000,1000000000000000000000000,nan,nan,nan,nan,nan,nan,nan,nan,0,nan,nan,nan,0xf778c77ec3696879cb5ac814984655aefe66d716,nan,0.003
199,9868188640707215440437863615521278132430,2023-04-26 03:01:50.563441,17127599,uniswap_v2 ULS-03ae/UETH-80b3 0.003,ULS-03ae/UETH-80b3,uniswap_v2,0.003,1000000000000000000000000,10000000000000000000000,nan,nan,nan,nan,nan,nan,nan,nan,0,nan,nan,nan,0x0179d00549b44d3161b9c260815f8a5947a541b3,nan,0.003
200,9868188640707215440437863615521278132431,2023-04-26 12:51:12.187779,17127599,uniswap_v2 WETH-6Cc2/BTT-7957 0.003,WETH-6Cc2/BTT-7957,uniswap_v2,0.003,1485038496066766275403,4368803284367255046014557791008,nan,nan,nan,nan,nan,nan,nan,nan,0,nan,nan,nan,0x2d0ba902badaa82592f0e1c04c71d66cea21d921,nan,0.003
201,9868188640707215440437863615521278132432,2023-04-26 13:00:01.654844,17127599,uniswap_v2 DG-dEDE/USDC-eB48 0.003,DG-dEDE/USDC-eB48,uniswap_v2,0.003,14766294375078553546224515,2799044656845,nan,nan,nan,nan,nan,nan,nan,nan,0,nan,nan,nan,0x873056a02255872514f05249d93228d788fe4fb4,nan,0.003
202,9868188640707215440437863615521278132433,2023-04-26 14:13:48.10515,17127599,uniswap_v2 WOO-5D4B/WETH-6Cc2 0.003,WOO-5D4B/WETH-6Cc2,uniswap_v2,0.003,9479698296088689187177058,1386179874672389683934,nan,nan,nan,nan,nan,nan,nan,nan,0,nan,nan,nan,0x6ada49aeccf6e556bb7a35ef0119cc8ca795294a,nan,0.003
203,9868188640707215440437863615521278132434,2023-04-26 13:54:53.080216,17127599,uniswap_v2 UFO-DC3B/WETH-6Cc2 0.003,UFO-DC3B/WETH-6Cc2,uniswap_v2,0.003,1804384935287490890331980858861,1285823900789432997790,nan,nan,nan,nan,nan,nan,nan,nan,0,nan,nan,nan,0x97e1fcb93ae7267dbafad23f7b9afaa08264cfd8,nan,0.003
204,9868188640707215440437863615521278132435,2023-04-26 13:42:08.111855,17127599,uniswap_v2 eXRD-9414/USDC-eB48 0.003,eXRD-9414/USDC-eB48,uniswap_v2,0.003,7264645879824438258974729,801758281184,nan,nan,nan,nan,nan,nan,nan,nan,0,nan,nan,nan,0x684b00a5773679f88598a19976fbeb25a68e9a5f,nan,0.003
205,9868188640707215440437863615521278132436,2023-04-26 12:37:33.358263,17127599,uniswap_v2 WETH-6Cc2/FOX-e52d 0.003,WETH-6Cc2/FOX-e52d,uniswap_v2,0.003,1210128639046974831633,74388553825030681314931551,nan,nan,nan,nan,nan,nan,nan,nan,0,nan,nan,nan,0x470e8de2ebaef52014a47cb5e6af86884947f08c,nan,0.003
206,9868188640707215440437863615521278132437,2023-04-26 13:56:40.59241,17127599,uniswap_v2 WETH-6Cc2/SAITAMA-27B2 0.003,WETH-6Cc2/SAITAMA-27B2,uniswap_v2,0.003,1146315031396014744107,1462641931009797390,nan,nan,nan,nan,nan,nan,nan,nan,0,nan,nan,nan,0xe3d3551bb608e7665472180a20280630d9e938aa,nan,0.003
207,9868188640707215440437863615521278132438,2023-04-26 13:58:27.723142,17127600,uniswap_v2 PAXG-Af78/USDC-eB48 0.003,PAXG-Af78/USDC-eB48,uniswap_v2,0.003,1060130154165128613488,2121106289801,nan,nan,nan,nan,nan,nan,nan,nan,0,nan,nan,nan,0x6d74443bb2d50785989a7212ebfd3a8dbabd1f60,nan,0.003
208,9868188640707215440437863615521278132439,2023-04-26 14:09:56.651372,17127600,uniswap_v2 stETH-fE84/WETH-6Cc2 0.003,stETH-fE84/WETH-6Cc2,uniswap_v2,0.003,1132399516772786441674,1134931700652485409643,nan,nan,nan,nan,nan,nan,nan,nan,0,nan,nan,nan,0x4028daac072e492d34a3afdbef0ba7e35d8b55c4,nan,0.003
209,9868188640707215440437863615521278132440,2023-04-26 12:25:24.894554,17127600,uniswap_v2 RAD-64A3/USDC-eB48 0.003,RAD-64A3/USDC-eB48,uniswap_v2,0.003,1132570600116685282321665,2063642918335,nan,nan,nan,nan,nan,nan,nan,nan,0,nan,nan,nan,0x8c1c499b1796d7f3c2521ac37186b52de024e58c,nan,0.003
210,9868188640707215440437863615521278132441,2023-04-26 13:47:51.522891,17127600,uniswap_v2 DAI-1d0F/O-c40f 0.003,DAI-1d0F/O-c40f,uniswap_v2,0.003,2015244127251808039461959,62512369237241373895306994576,nan,nan,nan,nan,nan,nan,nan,nan,0,nan,nan,nan,0xec54859519293b8784bc5bf28144166f313618af,nan,0.003
211,9868188640707215440437863615521278132442,2023-04-26 13:56:41.901132,17127600,uniswap_v2 ERN-3505/WETH-6Cc2 0.003,ERN-3505/WETH-6Cc2,uniswap_v2,0.003,873953136904383720093422,1067406055477034292098,nan,nan,nan,nan,nan,nan,nan,nan,0,nan,nan,nan,0x570febdf89c07f256c75686caca215289bb11cfc,nan,0.003
212,9868188640707215440437863615521278132443,2023-04-26 13:54:55.437593,17127600,uniswap_v2 ASTO-4689/USDC-eB48 0.003,ASTO-4689/USDC-eB48,uniswap_v2,0.003,43439908957982967336185248,1938965554286,nan,nan,nan,nan,nan,nan,nan,nan,0,nan,nan,nan,0x11181bd3baf5ce2a478e98361985d42625de35d1,nan,0.003
213,9868188640707215440437863615521278132444,2023-04-26 03:02:11.09275,17127600,uniswap_v2 scUSD-8858/USDC-eB48 0.003,scUSD-8858/USDC-eB48,uniswap_v2,0.003,94590572145927,8589,nan,nan,nan,nan,nan,nan,nan,nan,0,nan,nan,nan,0x44a7b882b550f3af2e1fbe644316cbd07e90a145,nan,0.003
214,9868188640707215440437863615521278132445,2023-04-26 14:02:06.464861,17127600,uniswap_v2 VOLT-58Ac/WETH-6Cc2 0.003,VOLT-58Ac/WETH-6Cc2,uniswap_v2,0.003,1534080264604872263431,1000462564220637562782,nan,nan,nan,nan,nan,nan,nan,nan,0,nan,nan,nan,0x4a08cf0a7bca217c24b9ee99c0395052f3707d68,nan,0.003
215,9868188640707215440437863615521278132446,2023-04-26 14:13:51.730751,17127600,uniswap_v2 WETH-6Cc2/DEXT-C75a 0.003,WETH-6Cc2/DEXT-C75a,uniswap_v2,0.003,1005213205340970721251,4963692947244587574841720,nan,nan,nan,nan,nan,nan,nan,nan,0,nan,nan,nan,0xa29fe6ef9592b5d408cca961d0fb9b1faf497d6d,nan,0.003
216,9868188640707215440437863615521278132447,2023-04-26 14:17:26.961657,17127600,uniswap_v2 WETH-6Cc2/CULT-5A13 0.003,WETH-6Cc2/CULT-5A13,uniswap_v2,0.003,997860984755347311569,376293568608173605921986179630,nan,nan,nan,nan,nan,nan,nan,nan,0,nan,nan,nan,0x5281e311734869c64ca60ef047fd87759397efe6,nan,0.003
217,9868188640707215440437863615521278132448,2023-04-26 13:44:10.269798,17127600,uniswap_v2 ShibDoge-928F/WETH-6Cc2 0.003,ShibDoge-928F/WETH-6Cc2,uniswap_v2,0.003,24500263109571983444795503807577,982709229228652422404,nan,nan,nan,nan,nan,nan,nan,nan,0,nan,nan,nan,0x3016a43b482d0480460f6625115bd372fe90c6bf,nan,0.003
218,9868188640707215440437863615521278132449,2023-04-26 14:11:57.07384,17127600,sushiswap_v2 ILV-ca0E/WETH-6Cc2 0.003,ILV-ca0E/WETH-6Cc2,sushiswap_v2,0.003,565046277066833883578674,15937657316327753165882,nan,nan,nan,nan,nan,nan,nan,nan,0,nan,nan,nan,0x6a091a3406e0073c3cd6340122143009adac0eda,nan,0.003
219,9868188640707215440437863615521278132450,2023-04-26 14:04:06.015099,17127600,sushiswap_v2 USDC-eB48/WETH-6Cc2 0.003,USDC-eB48/WETH-6Cc2,sushiswap_v2,0.003,17418996741372,8931183031463158941044,nan,nan,nan,nan,nan,nan,nan,nan,0,nan,nan,nan,0x397ff1542f962076d0bfe58ea045ffa2d347aca0,nan,0.003
220,9868188640707215440437863615521278132451,2023-04-26 12:44:21.205903,17127600,sushiswap_v2 WBTC-C599/WETH-6Cc2 0.003,WBTC-C599/WETH-6Cc2,sushiswap_v2,0.003,38638346115,5884362372003876448780,nan,nan,nan,nan,nan,nan,nan,nan,0,nan,nan,nan,0xceff51756c56ceffca006cd410b03ffc46dd3a58,nan,0.003
221,9868188640707215440437863615521278132452,2023-04-26 14:13:53.569111,17127600,sushiswap_v2 WETH-6Cc2/USDT-1ec7 0.003,WETH-6Cc2/USDT-1ec7,sushiswap_v2,0.003,5186944554680056940482,10120439400210,nan,nan,nan,nan,nan,nan,nan,nan,0,nan,nan,nan,0x06da0fd433c1a5d7a4faa01111c044910a184553,nan,0.003
222,9868188640707215440437863615521278132453,2023-04-26 12:20:16.58139,17127600,sushiswap_v2 UwU-5257/WETH-6Cc2 0.003,UwU-5257/WETH-6Cc2,sushiswap_v2,0.003,339860694468958234031125,3219874592394564206242,nan,nan,nan,nan,nan,nan,nan,nan,0,nan,nan,nan,0x3e04863dba602713bb5d0edbf7db7c3a9a2b6027,nan,0.003
223,9868188640707215440437863615521278132454,2023-04-26 13:18:57.025435,17127600,sushiswap_v2 SUSHI-0fE2/WETH-6Cc2 0.003,SUSHI-0fE2/WETH-6Cc2,sushiswap_v2,0.003,5264508397823847134097636,2928964624399463711139,nan,nan,nan,nan,nan,nan,nan,nan,0,nan,nan,nan,0x795065dcc9f64b5614c407a6efdc400da6221fb0,nan,0.003
224,9868188640707215440437863615521278132455,2023-04-26 14:10:00.974321,17127600,sushiswap_v2 SYN-9F29/WETH-6Cc2 0.003,SYN-9F29/WETH-6Cc2,sushiswap_v2,0.003,5945268447709544229531537,2647331801965842624946,nan,nan,nan,nan,nan,nan,nan,nan,0,nan,nan,nan,0x4a86c01d67965f8cb3d0aaa2c655705e64097c31,nan,0.003
225,9868188640707215440437863615521278132456,2023-04-26 03:02:28.710398,17127601,sushiswap_v2 PUNK-232A/WETH-6Cc2 0.003,PUNK-232A/WETH-6Cc2,sushiswap_v2,0.003,47391362199476327880,2285895844295108258559,nan,nan,nan,nan,nan,nan,nan,nan,0,nan,nan,nan,0x0463a06fbc8bf28b3f120cd1bfc59483f099d332,nan,0.003
226,9868188640707215440437863615521278132457,2023-04-26 14:08:03.007489,17127601,sushiswap_v2 DAI-1d0F/WETH-6Cc2 0.003,DAI-1d0F/WETH-6Cc2,sushiswap_v2,0.003,4038719806223642994749734,2080996709952174769116,nan,nan,nan,nan,nan,nan,nan,nan,0,nan,nan,nan,0xc3d03e4f041fd4cd388c549ee2a29a9e5075882f,nan,0.003
227,9868188640707215440437863615521278132458,2023-04-26 06:59:56.739902,17127601,sushiswap_v2 DELTA-20EF/WETH-6Cc2 0.003,DELTA-20EF/WETH-6Cc2,sushiswap_v2,0.003,3243572008425797601218972,2112380045266879277544,nan,nan,nan,nan,nan,nan,nan,nan,0,nan,nan,nan,0x1498bd576454159bb81b5ce532692a8752d163e8,nan,0.003
228,9868188640707215440437863615521278132459,2023-04-26 13:08:46.233614,17127601,sushiswap_v2 MULTI-2df4/WETH-6Cc2 0.003,MULTI-2df4/WETH-6Cc2,sushiswap_v2,0.003,376948654094818926228373,1930675936851912028233,nan,nan,nan,nan,nan,nan,nan,nan,0,nan,nan,nan,0x82917fb0dd65b0e5c85eea66e4f5c1ed484bc629,nan,0.003
229,9868188640707215440437863615521278132460,2023-04-26 11:05:12.058133,17127601,sushiswap_v2 TOKE-8C94/WETH-6Cc2 0.003,TOKE-8C94/WETH-6Cc2,sushiswap_v2,0.003,3127326159257030890246435,1577325886354800955674,nan,nan,nan,nan,nan,nan,nan,nan,0,nan,nan,nan,0xd4e7a6e2d03e4e48dfc27dd3f46df1c176647e38,nan,0.003
230,9868188640707215440437863615521278132461,2023-04-26 12:34:17.990138,17127601,sushiswap_v2 LON-c952/USDT-1ec7 0.003,LON-c952/USDT-1ec7,sushiswap_v2,0.003,4719122130652676841823557,2980339625651,nan,nan,nan,nan,nan,nan,nan,nan,0,nan,nan,nan,0x55d31f68975e446a40a2d02ffa4b0e1bfb233c2f,nan,0.003
231,9868188640707215440437863615521278132462,2023-04-26 13:17:14.585557,17127601,sushiswap_v2 WETH-6Cc2/ALCX-c8DF 0.003,WETH-6Cc2/ALCX-c8DF,sushiswap_v2,0.003,1518218734362231413079,159190281142699432047650,nan,nan,nan,nan,nan,nan,nan,nan,0,nan,nan,nan,0xc3f279090a47e80990fe3a9c30d24cb117ef91a8,nan,0.003
232,9868188640707215440437863615521278132463,2023-04-26 13:58:34.282082,17127602,sushiswap_v2 YFI-d93e/WETH-6Cc2 0.003,YFI-d93e/WETH-6Cc2,sushiswap_v2,0.003,318554709911728884643,1377103736681422001614,nan,nan,nan,nan,nan,nan,nan,nan,0,nan,nan,nan,0x088ee5007c98a9677165d78dd2109ae4a3d04d0c,nan,0.003
233,9868188640707215440437863615521278132464,2023-04-26 13:10:30.103347,17127602,sushiswap_v2 WETH-6Cc2/JPEG-45a3 0.003,WETH-6Cc2/JPEG-45a3,sushiswap_v2,0.003,1269125469162608563281,3618591732897970100655743679,nan,nan,nan,nan,nan,nan,nan,nan,0,nan,nan,nan,0xdb06a76733528761eda47d356647297bc35a98bd,nan,0.003
234,9868188640707215440437863615521278132465,2023-04-26 12:41:02.245081,17127602,sushiswap_v2 COMP-6888/WETH-6Cc2 0.003,COMP-6888/WETH-6Cc2,sushiswap_v2,0.003,57466807367541146791096,1230521971180193932425,nan,nan,nan,nan,nan,nan,nan,nan,0,nan,nan,nan,0x31503dcb60119a812fee820bb7042752019f2355,nan,0.003
235,9868188640707215440437863615521278132466,2023-04-26 12:51:21.145623,17127602,sushiswap_v2 FXS-64D0/WETH-6Cc2 0.003,FXS-64D0/WETH-6Cc2,sushiswap_v2,0.003,223028832425526424590899,998893856812737773431,nan,nan,nan,nan,nan,nan,nan,nan,0,nan,nan,nan,0x61eb53ee427ab4e007d78a9134aacb3101a2dc23,nan,0.003
236,9868188640707215440437863615521278132467,2023-04-26 14:02:12.48469,17127602,sushiswap_v2 WETH-6Cc2/USH-EC48 0.003,WETH-6Cc2/USH-EC48,sushiswap_v2,0.003,845384629424662299485,3101978391863488191276985,nan,nan,nan,nan,nan,nan,nan,nan,0,nan,nan,nan,0xaaf448d30f01b429fb6e7f9af6a8ff66e694f312,nan,0.003
237,9868188640707215440437863615521278132468,2023-04-26 13:49:45.063055,17127602,sushiswap_v2 WETH-6Cc2/FOLD-5921 0.003,WETH-6Cc2/FOLD-5921,sushiswap_v2,0.003,729817439305548097635,53097615114944413601811,nan,nan,nan,nan,nan,nan,nan,nan,0,nan,nan,nan,0xa914a9b9e03b6af84f9c6bd2e0e8d27d405695db,nan,0.003
238,9868188640707215440437863615521278132469,2023-04-26 13:07:06.754002,17127602,sushiswap_v2 WETH-6Cc2/BTT-7957 0.003,WETH-6Cc2/BTT-7957,sushiswap_v2,0.003,638219691773405276818,1881190583264210251801936051393,nan,nan,nan,nan,nan,nan,nan,nan,0,nan,nan,nan,0xe9cf42bfcd65e342a96fc063304e22db33e236ac,nan,0.003
239,9868188640707215440437863615521278132470,2023-04-26 11:13:46.681793,17127602,sushiswap_v2 DOG-8899/WETH-6Cc2 0.003,DOG-8899/WETH-6Cc2,sushiswap_v2,0.003,1185802181561168453972423459,621316977463602928142,nan,nan,nan,nan,nan,nan,nan,nan,0,nan,nan,nan,0xc96f20099d96b37d7ede66ff9e4de59b9b1065b1,nan,0.003
240,9868188640707215440437863615521278132471,2023-04-26 12:34:20.539701,17127602,sushiswap_v2 NEWO-7D96/USDC-eB48 0.003,NEWO-7D96/USDC-eB48,sushiswap_v2,0.003,27865040658230712052130857,911264701095,nan,nan,nan,nan,nan,nan,nan,nan,0,nan,nan,nan,0xc08ed9a9abeabcc53875787573dc32eee5e43513,nan,0.003
241,9868188640707215440437863615521278132472,2023-04-26 12:51:22.656213,17127602,sushiswap_v2 LINK-86CA/WETH-6Cc2 0.003,LINK-86CA/WETH-6Cc2,sushiswap_v2,0.003,114742475006067287228417,438385102696916327896,nan,nan,nan,nan,nan,nan,nan,nan,0,nan,nan,nan,0xc40d16476380e4037e6b1a2594caf6a6cc8da967,nan,0.003
242,9868188640707215440437863615521278132473,2023-04-26 10:10:44.3179,17127603,sushiswap_v2 SPS-df74/WETH-6Cc2 0.003,SPS-df74/WETH-6Cc2,sushiswap_v2,0.003,32675780113579597032344549,429306833085089028915,nan,nan,nan,nan,nan,nan,nan,nan,0,nan,nan,nan,0x1b803af96f37ae51fa753e13e1d2e372dfa17791,nan,0.003
243,9868188640707215440437863615521278132474,2023-04-26 03:02:52.832224,17127603,sushiswap_v2 EDEN-1559/WETH-6Cc2 0.003,EDEN-1559/WETH-6Cc2,sushiswap_v2,0.003,11641613525530754017077335,402746113624083151580,nan,nan,nan,nan,nan,nan,nan,nan,0,nan,nan,nan,0x82dbc2673e9640343d263a3c55de49021ad39ae2,nan,0.003
244,9868188640707215440437863615521278132475,2023-04-26 14:12:04.277318,17127603,sushiswap_v2 SPELL-e5F6/WETH-6Cc2 0.003,SPELL-e5F6/WETH-6Cc2,sushiswap_v2,0.003,989182986275518076927377459,357665286839437922907,nan,nan,nan,nan,nan,nan,nan,nan,0,nan,nan,nan,0xb5de0c3753b6e1b4dba616db82767f17513e6d4e,nan,0.003
245,9868188640707215440437863615521278132476,2023-04-26 13:22:20.814118,17127603,sushiswap_v2 RADAR-4DbE/WETH-6Cc2 0.003,RADAR-4DbE/WETH-6Cc2,sushiswap_v2,0.003,72782369110697507204739011,348850456702229569738,nan,nan,nan,nan,nan,nan,nan,nan,0,nan,nan,nan,0x559ebe4e206e6b4d50e9bd3008cda7ce640c52cb,nan,0.003
246,9868188640707215440437863615521278132477,2023-04-26 09:35:16.096413,17127603,sushiswap_v2 xSUSHI-4272/WETH-6Cc2 0.003,xSUSHI-4272/WETH-6Cc2,sushiswap_v2,0.003,409031468127815524881810,310785051914156167005,nan,nan,nan,nan,nan,nan,nan,nan,0,nan,nan,nan,0x36e2fcccc59e5747ff63a03ea2e5c0c2c14911e7,nan,0.003
247,9868188640707215440437863615521278132478,2023-04-26 13:46:15.613172,17127603,sushiswap_v2 USDC-eB48/QUARTZ-25ef 0.003,USDC-eB48/QUARTZ-25ef,sushiswap_v2,0.003,551928186827,1853178669928703294715225,nan,nan,nan,nan,nan,nan,nan,nan,0,nan,nan,nan,0x1e888882d0f291dd88c5605108c72d414f29d460,nan,0.003
248,9868188640707215440437863615521278132479,2023-04-26 13:46:15.870477,17127603,sushiswap_v2 THOR-8044/WETH-6Cc2 0.003,THOR-8044/WETH-6Cc2,sushiswap_v2,0.003,3444806351796640802707668,288542687035661167593,nan,nan,nan,nan,nan,nan,nan,nan,0,nan,nan,nan,0x3d3f13f2529ec3c84b2940155effbf9b39a8f3ec,nan,0.003
249,9868188640707215440437863615521278132480,2023-04-26 03:03:02.922835,17127604,sushiswap_v2 USDC-eB48/DIVER-d5F4 0.003,USDC-eB48/DIVER-d5F4,sushiswap_v2,0.003,529256247376,60666012602409577575582085,nan,nan,nan,nan,nan,nan,nan,nan,0,nan,nan,nan,0xfe9a776154f30281517d4f06578591911906f4e1,nan,0.003
250,9868188640707215440437863615521278132481,2023-04-26 12:13:33.580285,17127604,sushiswap_v2 MILADY-EB48/WETH-6Cc2 0.003,MILADY-EB48/WETH-6Cc2,sushiswap_v2,0.003,113426418588871529232,294160135688200021429,nan,nan,nan,nan,nan,nan,nan,nan,0,nan,nan,nan,0x15a8e38942f9e353bec8812763fb3c104c89ecf4,nan,0.003
251,9868188640707215440437863615521278132482,2023-04-26 04:33:30.692742,17127604,sushiswap_v2 yvBOOST-Ab9a/WETH-6Cc2 0.003,yvBOOST-Ab9a/WETH-6Cc2,sushiswap_v2,0.003,287322137669225452887018,280630910698778034875,nan,nan,nan,nan,nan,nan,nan,nan,0,nan,nan,nan,0x9461173740d27311b176476fa27e94c681b1ea6b,nan,0.003
252,9868188640707215440437863615521278132483,2023-04-26 12:54:59.154149,17127604,sushiswap_v2 LDO-1B32/WETH-6Cc2 0.003,LDO-1B32/WETH-6Cc2,sushiswap_v2,0.003,234481111098470720460419,264775445438247469409,nan,nan,nan,nan,nan,nan,nan,nan,0,nan,nan,nan,0xc558f600b34a5f69dd2f0d06cb8a88d829b7420a,nan,0.003
253,9868188640707215440437863615521278132484,2023-04-26 10:33:41.959187,17127604,sushiswap_v2 AAVE-DaE9/WETH-6Cc2 0.003,AAVE-DaE9/WETH-6Cc2,sushiswap_v2,0.003,7024894446390090206272,265624102938710052378,nan,nan,nan,nan,nan,nan,nan,nan,0,nan,nan,nan,0xd75ea151a61d06868e31f8988d28dfe5e9df57b4,nan,0.003
254,9868188640707215440437863615521278132485,2023-04-26 13:42:22.1504,17127604,sushiswap_v2 SOS-aEe0/WETH-6Cc2 0.003,SOS-aEe0/WETH-6Cc2,sushiswap_v2,0.003,5392225340169336825434857912483,248245671004785917557,nan,nan,nan,nan,nan,nan,nan,nan,0,nan,nan,nan,0xb84c45174bfc6b8f3eaecbae11dee63114f5c1b2,nan,0.003
255,9868188640707215440437863615521278132486,2023-04-26 13:46:17.635613,17127605,sushiswap_v2 TRU-3784/WETH-6Cc2 0.003,TRU-3784/WETH-6Cc2,sushiswap_v2,0.003,767848250701038,243929049555938550477,nan,nan,nan,nan,nan,nan,nan,nan,0,nan,nan,nan,0xfceaaf9792139bf714a694f868a215493461446d,nan,0.003
256,9868188640707215440437863615521278132487,2023-04-26 03:03:15.996678,17127605,sushiswap_v2 BLOCKS-24eB/WETH-6Cc2 0.003,BLOCKS-24eB/WETH-6Cc2,sushiswap_v2,0.003,397025069759465814400581060,240369430239660254531,nan,nan,nan,nan,nan,nan,nan,nan,0,nan,nan,nan,0xdd51121d1efc398b4c09fd0cb84d79ae2c923fc9,nan,0.003
257,9868188640707215440437863615521278132488,2023-04-26 13:58:40.782337,17127605,sushiswap_v2 ICHI-A881/WETH-6Cc2 0.003,ICHI-A881/WETH-6Cc2,sushiswap_v2,0.003,146393808219049,224635604143727917351,nan,nan,nan,nan,nan,nan,nan,nan,0,nan,nan,nan,0x9cd028b1287803250b1e226f0180eb725428d069,nan,0.003
258,9868188640707215440437863615521278132489,2023-04-26 12:49:42.717029,17127605,sushiswap_v2 WBTC-C599/BADGER-E53d 0.003,WBTC-C599/BADGER-E53d,sushiswap_v2,0.003,1577710589,165928971370394277864854,nan,nan,nan,nan,nan,nan,nan,nan,0,nan,nan,nan,0x110492b31c59716ac47337e616804e3e3adc0b4a,nan,0.003
259,9868188640707215440437863615521278132490,2023-04-26 13:08:53.980045,17127605,sushiswap_v2 CVX-9D2B/WETH-6Cc2 0.003,CVX-9D2B/WETH-6Cc2,sushiswap_v2,0.003,80352561163612034844803,227937305143300256194,nan,nan,nan,nan,nan,nan,nan,nan,0,nan,nan,nan,0x05767d9ef41dc40689678ffca0608878fb3de906,nan,0.003
260,9868188640707215440437863615521278132491,2023-04-26 13:22:24.319683,17127605,sushiswap_v2 WETH-6Cc2/ICE-7DF9 0.003,WETH-6Cc2/ICE-7DF9,sushiswap_v2,0.003,239939546695443045710,291653458708498244577383,nan,nan,nan,nan,nan,nan,nan,nan,0,nan,nan,nan,0x94b86ca6f7a495930fe7f552eb9e4cbb5ef2b736,nan,0.003
261,9868188640707215440437863615521278132492,2023-04-26 03:03:23.655818,17127605,sushiswap_v2 ILSI-cd69/WETH-6Cc2 0.003,ILSI-cd69/WETH-6Cc2,sushiswap_v2,0.003,8212958281209819730338,201149842766522144483,nan,nan,nan,nan,nan,nan,nan,nan,0,nan,nan,nan,0x753f33c13fe44d41a8cc6ac202a6de6c53c58b6a,nan,0.003
262,9868188640707215440437863615521278132493,2023-04-26 12:32:40.908585,17127606,sushiswap_v2 UST-87a5/WETH-6Cc2 0.003,UST-87a5/WETH-6Cc2,sushiswap_v2,0.003,21285413021680,222638216077485302882,nan,nan,nan,nan,nan,nan,nan,nan,0,nan,nan,nan,0x9a0cc6791a5409ce3547f1f1d00e058c79d0a72c,nan,0.003
263,9868188640707215440437863615521278132494,2023-04-26 03:03:27.030144,17127606,sushiswap_v2 PREMIA-0E70/WETH-6Cc2 0.003,PREMIA-0E70/WETH-6Cc2,sushiswap_v2,0.003,550501937186945010335409,215213987339901115180,nan,nan,nan,nan,nan,nan,nan,nan,0,nan,nan,nan,0x93e2f3a8277e0360081547d711446e4a1f83546d,nan,0.003
264,9868188640707215440437863615521278132495,2023-04-26 12:39:28.054744,17127606,sushiswap_v2 BIT-a4C5/WETH-6Cc2 0.003,BIT-a4C5/WETH-6Cc2,sushiswap_v2,0.003,794867150513509351167901,208112099708865002016,nan,nan,nan,nan,nan,nan,nan,nan,0,nan,nan,nan,0xe12af1218b4e9272e9628d7c7dc6354d137d024e,nan,0.003
265,9868188640707215440437863615521278132496,2023-04-26 13:20:45.864235,17127606,sushiswap_v2 YGG-CF73/WETH-6Cc2 0.003,YGG-CF73/WETH-6Cc2,sushiswap_v2,0.003,1617868792015678679280821,204918913918055437075,nan,nan,nan,nan,nan,nan,nan,nan,0,nan,nan,nan,0x99b42f2b49c395d2a77d973f6009abb5d67da343,nan,0.003
266,9868188640707215440437863615521278132497,2023-04-26 13:17:22.499364,17127606,sushiswap_v2 BAND-7f55/WETH-6Cc2 0.003,BAND-7f55/WETH-6Cc2,sushiswap_v2,0.003,205277377107004377638681,205435877400644727176,nan,nan,nan,nan,nan,nan,nan,nan,0,nan,nan,nan,0xa75f7c2f025f470355515482bde9efa8153536a8,nan,0.003
267,9868188640707215440437863615521278132498,2023-04-26 12:41:10.051139,17127606,sushiswap_v2 IQ-b0C9/WETH-6Cc2 0.003,IQ-b0C9/WETH-6Cc2,sushiswap_v2,0.003,59969754656078039058268124,185584741929063330456,nan,nan,nan,nan,nan,nan,nan,nan,0,nan,nan,nan,0x9d45081706102e7aaddd0973268457527722e274,nan,0.003
268,1701411834604692317316873037158841057334,2023-04-26 14:17:53.946308,17130945,carbon_v1 ETH-EEeE/USDC-eB48 None,ETH-EEeE/USDC-eB48,carbon_v1,0,nan,nan,40000000000000000,40000000000000000,0,4414201427359729,50000000,50000000,0,11605510599,0,nan,nan,nan,0xC537e898CD774e2dCBa3B14Ea6f34C93d5eA45e1,nan,0.0
269,680564733841876926926749214863536422967,2023-04-26 14:17:53.921948,17130945,carbon_v1 stETH-fE84/ETH-EEeE None,stETH-fE84/ETH-EEeE,carbon_v1,0,nan,nan,0,0,4695920507737,274691450305115,530000000000000000,530000000000000000,2843363648269,277220702038712,0,nan,nan,nan,0xC537e898CD774e2dCBa3B14Ea6f34C93d5eA45e1,nan,0.0
270,10548753374549092367364612830384814555378,2023-04-26 14:16:30.692924,17127583,uniswap_v3 USDC-eB48/WETH-6Cc2 100,USDC-eB48/WETH-6Cc2,uniswap_v3,100.0,nan,nan,nan,nan,nan,nan,nan,nan,nan,nan,1811587141327609493695613156814269,200757,nan,9506444465270431,0xE0554a476A092703abdB3Ef35c80e0D76d32939F,nan,0.0001
