<application>
  <component name="FileTypeManager" version="19">
    <extensionMap>
      <mapping pattern=".lr_find_f36a9d97-d5b0-4db3-a8e3-0baa0de8eb19.ckpt" type="PLAIN_TEXT" />
      <mapping pattern=".lr_find_dcd7fc29-3718-4454-8ff9-a89601d6d041.ckpt" type="PLAIN_TEXT" />
      <mapping ext="14" type="PLAIN_TEXT" />
      <mapping ext="17" type="PLAIN_TEXT" />
      <mapping ext="0" type="PLAIN_TEXT" />
      <mapping ext="pickle" type="PLAIN_TEXT" />
    </extensionMap>
  </component>
</application>