id,cid,last_updated,last_updated_block,descr,pair_name,exchange_name,fee,fee_float,tkn0_balance,tkn1_balance,z_0,y_0,A_0,B_0,z_1,y_1,A_1,B_1,sqrt_price_q96,tick,tick_spacing,liquidity,address,anchor
5672,10889035741470030830827987437816582766661,2023-06-02 02:45:00.509328,17390181,NaN,JAY-CA6E/USDC-eB48,carbon_v1,0.002,0.002,,,0,0,4155481966138848,5613166202183792,0,0,10938555,537757187,0,,,,0xC537e898CD774e2dCBa3B14Ea6f34C93d5eA45e1,NaN
5673,10889035741470030830827987437816582766659,2023-06-02 02:44:59.081839,17390181,NaN,JAY-CA6E/USDC-eB48,carbon_v1,0.002,0.002,,,0,0,0,5619531847891604,0,0,0,515183796,0,,,,0xC537e898CD774e2dCBa3B14Ea6f34C93d5eA45e1,NaN
5674,10889035741470030830827987437816582766660,2023-06-02 02:44:59.795742,17390181,NaN,JAY-CA6E/USDC-eB48,carbon_v1,0.002,0.002,,,0,0,0,5613166202183792,0,0,0,511324687,0,,,,0xC537e898CD774e2dCBa3B14Ea6f34C93d5eA45e1,NaN
5675,10548753374549092367364612830384814555201,2023-06-02 02:44:58.181869,17390181,NaN,pepecoin-489A/USDC-eB48,carbon_v1,0.002,0.002,,,0,0,0,6667651067822137,0,0,0,39806572,0,,,,0xC537e898CD774e2dCBa3B14Ea6f34C93d5eA45e1,NaN
5676,10208471007628153903901238222953046343738,2023-06-02 02:45:55.378761,17390186,NaN,SMT-7173/ETH-EEeE,carbon_v1,0.002,0.002,,,200000000000000000000000,200000000000000000000000,1619339587886900,2163191935067045,0,0,0,0,0,,,,0xC537e898CD774e2dCBa3B14Ea6f34C93d5eA45e1,NaN
5677,9868188640707215440437863615521278132277,2023-06-02 02:44:57.282109,17390181,NaN,0x0-1AD5/ETH-EEeE,carbon_v1,0.002,0.002,,,5363000000000,359732340414,119127330708,2267453933449,172994615833215240,172994615833215240,1002503361642560,2210109140007279,0,,,,0xC537e898CD774e2dCBa3B14Ea6f34C93d5eA45e1,NaN
5678,17354400712967861636632104979020178784372,2023-06-02 02:49:12.904466,17390201,NaN,MDT-7d26/WETH-6Cc2,carbon_v1,0.002,0.002,,,0,0,0,2472143267719007,363280000000000000,363280000000000000,4391252478,1378940136605,0,,,,0xC537e898CD774e2dCBa3B14Ea6f34C93d5eA45e1,NaN
5679,12250165209153784684681485867543655612490,2023-06-02 02:49:07.268114,17390201,NaN,CRV-cd52/USDC-eB48,carbon_v1,0.002,0.002,,,9998214320035449176736,9998214320035449176736,4735925375135328,5897934990213120,9000000000,1607129,0,267030609,0,,,,0xC537e898CD774e2dCBa3B14Ea6f34C93d5eA45e1,NaN
5680,340282366920938463463374607431768211457,2023-06-02 02:47:50.395054,17390195,NaN,ETH-EEeE/DAI-1d0F,carbon_v1,0.002,0.002,,,1000000000000000,1000000000000000,0,6382340776412,0,0,0,1875443170982464,0,,,,0xC537e898CD774e2dCBa3B14Ea6f34C93d5eA45e1,NaN
5681,6465364971497830805804117541203596017697,2023-06-02 02:49:17.329616,17390202,NaN,TSUKA-69eD/USDC-eB48,carbon_v1,0.002,0.002,,,90007566907608,90007566907608,1295443453270648,2149874333928468,0,0,527260079896,1990328647664,0,,,,0xC537e898CD774e2dCBa3B14Ea6f34C93d5eA45e1,NaN
5682,680564733841876926926749214863536422914,2023-06-02 02:47:52.744585,17390195,NaN,ETH-EEeE/stETH-fE84,carbon_v1,0.002,0.002,,,0,0,0,280078069940593,0,0,0,280064065686981,0,,,,0xC537e898CD774e2dCBa3B14Ea6f34C93d5eA45e1,NaN
5683,4763953136893138488487244504044754960408,2023-06-02 02:48:57.558401,17390200,NaN,LINK-86CA/USDT-1ec7,carbon_v1,0.002,0.002,,,38043347238019452050,38043347238019452050,3816918592930816,5539034656033204,190161820,0,10639026,739374276,0,,,,0xC537e898CD774e2dCBa3B14Ea6f34C93d5eA45e1,NaN
5684,680564733841876926926749214863536422967,2023-06-02 02:47:53.460738,17390195,NaN,stETH-fE84/ETH-EEeE,carbon_v1,0.002,0.002,,,0,0,4695920507737,274691450305115,0,0,2843363648269,277220702038712,0,,,,0xC537e898CD774e2dCBa3B14Ea6f34C93d5eA45e1,NaN
5685,680564733841876926926749214863536422993,2023-06-02 02:47:54.172161,17390195,NaN,stETH-fE84/ETH-EEeE,carbon_v1,0.002,0.002,,,0,0,4139102333956,277589544361632,0,0,4227132752619,276966228102924,0,,,,0xC537e898CD774e2dCBa3B14Ea6f34C93d5eA45e1,NaN
5686,1361129467683753853853498429727072845828,2023-06-02 02:48:46.247451,17390199,NaN,USDC-eB48/DAI-1d0F,carbon_v1,0.002,0.002,,,20000000,20000000,0,281334344,30000000000000000000,30000000000000000000,0,5897800738913900,0,,,,0xC537e898CD774e2dCBa3B14Ea6f34C93d5eA45e1,NaN
5687,680564733841876926926749214863536423023,2023-06-02 02:47:54.892512,17390195,NaN,ETH-EEeE/stETH-fE84,carbon_v1,0.002,0.002,,,0,0,0,0,0,0,0,0,0,,,,0xC537e898CD774e2dCBa3B14Ea6f34C93d5eA45e1,NaN
5688,1361129467683753853853498429727072845907,2023-06-02 02:48:46.962842,17390199,NaN,USDC-eB48/DAI-1d0F,carbon_v1,0.002,0.002,,,0,0,6839838,274691450,13915242876607739018384,13915242876607739018384,3822814038205952,5896589440607106,0,,,,0xC537e898CD774e2dCBa3B14Ea6f34C93d5eA45e1,NaN
5689,680564733841876926926749214863536423024,2023-06-02 02:47:55.605833,17390195,NaN,stETH-fE84/ETH-EEeE,carbon_v1,0.002,0.002,,,0,0,282746558458,422353414013032,5300000000000000000,5300000000000000000,282465377396,280346815951510,0,,,,0xC537e898CD774e2dCBa3B14Ea6f34C93d5eA45e1,NaN
5690,1020847100762815390390123822295304634371,2023-06-02 02:48:47.866552,17390199,NaN,USDC-eB48/USDT-1ec7,carbon_v1,0.002,0.002,,,50149505,50149505,0,281460904017263,50100001,50100001,0,281460902609959,0,,,,0xC537e898CD774e2dCBa3B14Ea6f34C93d5eA45e1,NaN
5691,1020847100762815390390123822295304634391,2023-06-02 02:48:48.575478,17390199,NaN,USDC-eB48/USDT-1ec7,carbon_v1,0.002,0.002,,,500000000,494996523,140779742165,281432764961555,505000000,505000000,126755673936,281207448346389,0,,,,0xC537e898CD774e2dCBa3B14Ea6f34C93d5eA45e1,NaN
5693,7486212072260646196194241363498900652071,2023-06-02 02:49:24.334056,17390202,NaN,LYXe-be6D/USDC-eB48,carbon_v1,0.002,0.002,,,7503700798507554270523,7503700798507554270523,0,5334985036791808,0,0,0,0,0,,,,0xC537e898CD774e2dCBa3B14Ea6f34C93d5eA45e1,NaN
5694,0x6ab5ee95dba8cef2518f7762de14cf4b84346291e903dd60056fb938a4d0dbb7,2023-06-02 02:48:50.110667,17390200,uniswap_v2 USDC-eB48/USDT-1ec7 0.003,USDC-eB48/USDT-1ec7,uniswap_v2,0.003,0.003,11451043044666,11470547631737,,,,,,,,,0,,,,0x3041CbD36888bECc7bbCBc0045E3B1f144466f5f,NaN
5695,0x5fe5fa0d193a05d94380c731064b92fffcf08f16b5f3d522448c7a1172443951,2023-06-02 02:48:51.033071,17390200,uniswap_v3 rETH-6393/WETH-6Cc2 3000,rETH-6393/WETH-6Cc2,uniswap_v3,3000,0.003,,,,,,,,,,,82144950240224911755224962700,723,60,11313829543667906643,0xf0E02Cf61b31260fd5AE527d58Be16312BDA59b1,NaN
5696,1701411834604692317316873037158841057285,2023-06-02 02:47:59.826935,17390195,NaN,ETH-EEeE/USDC-eB48,carbon_v1,0.002,0.002,,,6039951546952498,6039951546952498,0,4409572391052980,11717506,0,0,12397686690,0,,,,0xC537e898CD774e2dCBa3B14Ea6f34C93d5eA45e1,NaN
5697,1701411834604692317316873037158841057292,2023-06-02 02:48:00.539772,17390195,NaN,ETH-EEeE/USDC-eB48,carbon_v1,0.002,0.002,,,19703539387325172,19703539387325172,2684113799954624,4411844567835374,18000000,0,32676704,12106696520,0,,,,0xC537e898CD774e2dCBa3B14Ea6f34C93d5eA45e1,NaN
5698,0x2c07bfb5626e666d9a692442a4c9c310b771980976719faf6461667806e022d7,2023-06-02 02:48:51.946575,17390200,uniswap_v3 DAI-1d0F/USDC-eB48 3000,DAI-1d0F/USDC-eB48,uniswap_v3,3000,0.003,,,,,,,,,,,79290385293469705783288,-276309,60,43171229352751601,0xa63b490aA077f541c9d64bFc1Cc0db2a752157b5,NaN
5699,1701411834604692317316873037158841057296,2023-06-02 02:48:01.252813,17390195,NaN,ETH-EEeE/USDC-eB48,carbon_v1,0.002,0.002,,,0,0,0,4416648363926356,0,0,0,12365692607,0,,,,0xC537e898CD774e2dCBa3B14Ea6f34C93d5eA45e1,NaN
5700,0x96297d900179750b4da240393263956f530c4915558a2a3622c259e53c101522,2023-06-02 02:48:52.886163,17390200,uniswap_v3 CVX-9D2B/USDC-eB48 10000,CVX-9D2B/USDC-eB48,uniswap_v3,10000,0.01,,,,,,,,,,,184657023849718539882119,-259400,200,640129416688,0x575e96f61656b275CA1e0a67d9B68387ABC1d09C,NaN
5701,1701411834604692317316873037158841057299,2023-06-02 02:48:01.964139,17390195,NaN,ETH-EEeE/USDC-eB48,carbon_v1,0.002,0.002,,,26117229020994980,26117229020994980,2721923874144320,4414201427359729,50000000,0,93278858,12269209786,0,,,,0xC537e898CD774e2dCBa3B14Ea6f34C93d5eA45e1,NaN
5702,0x8adf75b03d87eec9b746d54c2b4a8ca6d813437b04b632440de5366d4a56bd20,2023-06-02 02:48:53.822141,17390200,uniswap_v3 USDC-eB48/USDT-1ec7 100,USDC-eB48/USDT-1ec7,uniswap_v3,100,0.0001,,,,,,,,,,,79222350538560938781699328876,-2,1,583445264701123743,0x3416cF6C708Da44DB2624D63ea0AAef7113527C6,NaN
5703,0xc4be7ee1e92f6eaebe2b6c46db7eb95e883dc9baa76915812d9b50b83af82b26,2023-06-02 02:48:56.539721,17390200,bancor_v3 BNT-FF1C/vBNT-7f94 0.000,BNT-FF1C/vBNT-7f94,bancor_v3,0.000,0.0,1146979595515227729158592,1661550912894677639387716,,,,,,,,,0,,,,0x48Fb253446873234F2fEBbF9BdeAA72d9d387f94,NaN
5704,1701411834604692317316873037158841057300,2023-06-02 02:48:02.674695,17390195,NaN,ETH-EEeE/USDC-eB48,carbon_v1,0.002,0.002,,,0,0,2995657465959328,4172302982768969,0,0,3368189479,8901020307,0,,,,0xC537e898CD774e2dCBa3B14Ea6f34C93d5eA45e1,NaN
5705,0xc4771395e1389e2e3a12ec22efbb7aff5b1c04e5ce9c7596a82e9dc8fdec725b,2023-06-02 02:48:57.192756,17390200,bancor_v3 BNT-FF1C/USDC-eB48 0.000,BNT-FF1C/USDC-eB48,bancor_v3,0.000,0.0,2699030774764681370452679,1113027296532,,,,,,,,,0,,,,0xA0b86991c6218b36c1d19D4a2e9Eb0cE3606eB48,NaN
5706,0xb74760337ee84865165dd25ec67543cfe3c7bed01d3dbc3d2bb855df3912a86a,2023-06-02 02:48:54.774068,17390200,uniswap_v3 USDC-eB48/TSUKA-69eD 10000,USDC-eB48/TSUKA-69eD,uniswap_v3,10000,0.01,,,,,,,,,,,12875163774037333733454403259136,101819,200,964234010426,0x216fB666dd61600e74F7B2cA25A38Aa99DB1a4E9,NaN
5707,1701411834604692317316873037158841057306,2023-06-02 02:48:03.389233,17390195,NaN,ETH-EEeE/USDC-eB48,carbon_v1,0.002,0.002,,,0,0,2689878730660032,4414201427359729,5000000000,5000000000,0,10550619334,0,,,,0xC537e898CD774e2dCBa3B14Ea6f34C93d5eA45e1,NaN
5708,0x748ab2bef0d97e5a044268626e6c9c104bab818605d44f650fdeaa03a3c742d2,2023-06-02 02:48:57.850719,17390200,bancor_v3 BNT-FF1C/ETH-EEeE 0.000,BNT-FF1C/ETH-EEeE,bancor_v3,0.000,0.0,16494616536134351185930638,3637618221810189884715,,,,,,,,,0,,,,0xEeeeeEeeeEeEeeEeEeEeeEEEeeeeEeeeeeeeEEeE,NaN
5709,1701411834604692317316873037158841057307,2023-06-02 02:48:04.099309,17390195,NaN,ETH-EEeE/USDC-eB48,carbon_v1,0.002,0.002,,,0,0,2957617717098016,4407379944398141,0,0,325482628,12008132901,0,,,,0xC537e898CD774e2dCBa3B14Ea6f34C93d5eA45e1,NaN
5710,0x763d5e8091f13d62a949a975471a61832f994d4fa7d8c06ee95debd9d051ed14,2023-06-02 02:48:55.696051,17390200,uniswap_v3 WETH-6Cc2/RPL-A51f 3000,WETH-6Cc2/RPL-A51f,uniswap_v3,3000,0.003,,,,,,,,,,,490864165493241240407469762150,36478,60,183152674444029756940896,0xe42318eA3b998e8355a3Da364EB9D48eC725Eb45,NaN
5711,3743106036130323098097120681749450326030,2023-06-02 02:49:04.151422,17390201,NaN,ETH-EEeE/BNT-FF1C,carbon_v1,0.002,0.002,,,50000000000000000,50000000000000000,0,3980657295328,500000000000000000000,500000000000000000000,0,1965262797370078,0,,,,0xC537e898CD774e2dCBa3B14Ea6f34C93d5eA45e1,NaN
5712,1701411834604692317316873037158841057315,2023-06-02 02:48:04.814989,17390195,NaN,ETH-EEeE/USDC-eB48,carbon_v1,0.002,0.002,,,0,0,0,0,0,0,0,0,0,,,,0xC537e898CD774e2dCBa3B14Ea6f34C93d5eA45e1,NaN
5713,0xd16316f4a13adf79a9a789e43c8d66baddb7beb53f17be1ded15f267e3c32971,2023-06-02 02:48:56.595889,17390200,uniswap_v3 LINK-86CA/USDT-1ec7 3000,LINK-86CA/USDT-1ec7,uniswap_v3,3000,0.003,,,,,,,,,,,196827651118290516362746,-258124,60,7826207538959426,0xac5A2c404EbBa22a869998089AC7893ff4E1F0a7,NaN
5714,3743106036130323098097120681749450326031,2023-06-02 02:49:04.869722,17390201,NaN,BNT-FF1C/ETH-EEeE,carbon_v1,0.002,0.002,,,500000000000000000000,500000000000000000000,0,1604061502893966,150000000000000000,150000000000000000,0,3980657295328,0,,,,0xC537e898CD774e2dCBa3B14Ea6f34C93d5eA45e1,NaN
5715,1701411834604692317316873037158841057353,2023-06-02 02:48:05.527555,17390195,NaN,ETH-EEeE/USDC-eB48,carbon_v1,0.002,0.002,,,8234699908250059249,8234699908250059249,0,4411937181908343,7851133629,0,0,12119777774,0,,,,0xC537e898CD774e2dCBa3B14Ea6f34C93d5eA45e1,NaN
5716,0x6476cf0c29bcd27af3b6b61c44faa32c552f0d56ec1d91ed2e55382eb5b64546,2023-06-02 02:48:57.522724,17390200,uniswap_v3 eRSDL-D3A6/WETH-6Cc2 3000,eRSDL-D3A6/WETH-6Cc2,uniswap_v3,3000,0.003,,,,,,,,,,,103072172875585881888953371,-132900,60,52325996526181890733,0x6Ae34e9cabaAd597516c512a21C107e8701E2f33,NaN
5717,3743106036130323098097120681749450326034,2023-06-02 02:49:05.586617,17390201,NaN,BNT-FF1C/ETH-EEeE,carbon_v1,0.002,0.002,,,200000000000000000000,200000000000000000000,0,1599321369715856,70000000000000000,70000000000000000,0,3980657295328,0,,,,0xC537e898CD774e2dCBa3B14Ea6f34C93d5eA45e1,NaN
5718,1701411834604692317316873037158841057331,2023-06-02 02:48:06.238677,17390195,NaN,ETH-EEeE/USDC-eB48,carbon_v1,0.002,0.002,,,2950064372499393400,2950064372499393400,3239244837475872,4405262671506063,10000000000,4768158155,336461286,11605510599,0,,,,0xC537e898CD774e2dCBa3B14Ea6f34C93d5eA45e1,NaN
5719,3743106036130323098097120681749450326076,2023-06-02 02:49:06.305004,17390201,NaN,BNT-FF1C/ETH-EEeE,carbon_v1,0.002,0.002,,,799634527532660295842,799634527532660295842,431269233004800,1958511393548182,200000000000000000,2882724874542864,116541993865,4360591588697,0,,,,0xC537e898CD774e2dCBa3B14Ea6f34C93d5eA45e1,NaN
5720,1701411834604692317316873037158841057334,2023-06-02 02:48:06.949148,17390195,NaN,ETH-EEeE/USDC-eB48,carbon_v1,0.002,0.002,,,40000000000000000,40000000000000000,0,4414201427359729,50000000,50000000,0,11605510599,0,,,,0xC537e898CD774e2dCBa3B14Ea6f34C93d5eA45e1,NaN
5721,0x64f0e869be2e7e19db0dcd9d7dd3872fd29868594d8014fa80ec69629530f8aa,2023-06-02 02:48:58.436688,17390200,uniswap_v3 ETH2x_FLI-65BD/WETH-6Cc2 3000,ETH2x_FLI-65BD/WETH-6Cc2,uniswap_v3,3000,0.003,,,,,,,,,,,6492887261747140161167986756,-50035,60,15975501949908289134791,0x151CcB92bc1eD5c6D0F9Adb5ceC4763cEb66AC7f,NaN
5722,3743106036130323098097120681749450326077,2023-06-02 02:49:07.0216,17390201,NaN,BNT-FF1C/ETH-EEeE,carbon_v1,0.002,0.002,,,0,0,67529602313984,1961605126121825,0,0,35462792969,4450510153742,0,,,,0xC537e898CD774e2dCBa3B14Ea6f34C93d5eA45e1,NaN
5723,1701411834604692317316873037158841057337,2023-06-02 02:48:07.660591,17390195,NaN,ETH-EEeE/USDC-eB48,carbon_v1,0.002,0.002,,,230127045617419578,230127045617419578,3323042531979696,4401237168483787,2000000000,1580517252,847697452,11258999068,0,,,,0xC537e898CD774e2dCBa3B14Ea6f34C93d5eA45e1,NaN
5724,0x756d9e632902f414e914ddcb16b7388f3c405ff3bebb5f95e6d668813bd24802,2023-06-02 02:48:59.390524,17390200,uniswap_v3 WETH-6Cc2/USDT-1ec7 3000,WETH-6Cc2/USDT-1ec7,uniswap_v3,3000,0.003,,,,,,,,,,,3429625214286165670729398,-200963,60,4147808304588586686,0x4e68Ccd3E89f51C3074ca5072bbAC773960dFa36,NaN
5725,1701411834604692317316873037158841057339,2023-06-02 02:48:08.371335,17390195,NaN,ETH-EEeE/USDC-eB48,carbon_v1,0.002,0.002,,,0,0,0,0,1000000,1000000,336461286,11605510599,0,,,,0xC537e898CD774e2dCBa3B14Ea6f34C93d5eA45e1,NaN
5726,3402823669209384634633746074317682114626,2023-06-02 02:49:08.661632,17390201,NaN,PEPE-1933/USDC-eB48,carbon_v1,0.002,0.002,,,0,0,0,9468892374457174,0,0,0,40847,0,,,,0xC537e898CD774e2dCBa3B14Ea6f34C93d5eA45e1,NaN
5727,0x1eda42a2cced5e9cfffe1b15d7c39253514267401c5bd2e9ca28287f8a996fde,2023-06-02 02:49:00.304945,17390200,uniswap_v3 rETH-6393/WETH-6Cc2 500,rETH-6393/WETH-6Cc2,uniswap_v3,500,0.0005,,,,,,,,,,,82082614480977459955591757580,707,10,621515774355129207644151,0xa4e0faA58465A2D369aa21B3e42d43374c6F9613,NaN
5728,15312706511442230855851857334429569515620,2023-06-02 02:49:14.005241,17390202,NaN,PAXG-Af78/USDC-eB48,carbon_v1,0.002,0.002,,,999795803389286127,999795803389286127,1652773131753472,4413961780632971,0,0,95247358,12429598420,0,,,,0xC537e898CD774e2dCBa3B14Ea6f34C93d5eA45e1,NaN
5729,1701411834604692317316873037158841057343,2023-06-02 02:48:09.081688,17390195,NaN,ETH-EEeE/USDC-eB48,carbon_v1,0.002,0.002,,,1000000000000000000,1000000000000000000,0,4414683427557233,0,0,0,0,0,,,,0xC537e898CD774e2dCBa3B14Ea6f34C93d5eA45e1,NaN
5730,2381976568446569244243622252022377480199,2023-06-02 02:49:09.580285,17390201,NaN,USDC-eB48/BNT-FF1C,carbon_v1,0.002,0.002,,,15000000,0,0,363382632,29100000020685479436,29100000020685479436,0,5819312065461623,0,,,,0xC537e898CD774e2dCBa3B14Ea6f34C93d5eA45e1,NaN
5731,0x1a3781959f1146bfbffc4a77c51a917085ce6691b64f4da35f37373645fd83ef,2023-06-02 02:49:01.242844,17390200,uniswap_v3 DAI-1d0F/USDC-eB48 100,DAI-1d0F/USDC-eB48,uniswap_v3,100,0.0001,,,,,,,,,,,79228057031096731610532,-276325,1,537194725350826636672389,0x5777d92f208679DB4b9778590Fa3CAB3aC9e2168,NaN
5733,1701411834604692317316873037158841057358,2023-06-02 02:48:09.79212,17390195,NaN,ETH-EEeE/USDC-eB48,carbon_v1,0.002,0.002,,,0,0,2696020490611200,4416648363926356,103539867,103539867,169432475,11605510599,0,,,,0xC537e898CD774e2dCBa3B14Ea6f34C93d5eA45e1,NaN
5734,2381976568446569244243622252022377480284,2023-06-02 02:49:10.300639,17390201,NaN,BNT-FF1C/USDC-eB48,carbon_v1,0.002,0.002,,,2500000000000000000000,2500000000000000000000,5049685635738288,6084248852693708,1000000000,1000000000,23850212,154170194,0,,,,0xC537e898CD774e2dCBa3B14Ea6f34C93d5eA45e1,NaN
5736,1701411834604692317316873037158841057365,2023-06-02 02:48:10.505489,17390195,NaN,ETH-EEeE/USDC-eB48,carbon_v1,0.002,0.002,,,9882507039899549,9882507039899549,0,0,17936137,0,99105201,11941971885,0,,,,0xC537e898CD774e2dCBa3B14Ea6f34C93d5eA45e1,NaN
5737,0x4abb8667d184226869e257e2b60fdd63aa0eeebdf86be9a2dba6c4cbc45e2006,2023-06-02 02:49:02.159711,17390200,uniswap_v3 USDC-eB48/LYXe-be6D 10000,USDC-eB48/LYXe-be6D,uniswap_v3,10000,0.01,,,,,,,,,,,24584935808737111616875121403285539,252918,200,1200335554272375,0x31AD100cEf4CbdBA0522A751541810d122d92120,NaN
5738,4423670769972200025023869896612986748990,2023-06-02 02:48:58.793932,17390200,NaN,vBNT-7f94/BNT-FF1C,carbon_v1,0.002,0.002,,,1122591140207918741378,1122591140207918741378,6315590202731,268375860102384,300000000000000000000,291945014162160582,7317261896309,267030609224556,0,,,,0xC537e898CD774e2dCBa3B14Ea6f34C93d5eA45e1,NaN
5739,1701411834604692317316873037158841057369,2023-06-02 02:48:11.216199,17390195,NaN,ETH-EEeE/USDC-eB48,carbon_v1,0.002,0.002,,,250000000000000000,250000000000000000,0,4414201427359729,446009466,446009466,0,10901478971,0,,,,0xC537e898CD774e2dCBa3B14Ea6f34C93d5eA45e1,NaN
5740,8507059173023461586584365185794205286446,2023-06-02 02:49:03.367715,17390200,NaN,Silo-B1f8/USDC-eB48,carbon_v1,0.002,0.002,,,0,0,0,6409950565275210,0,0,0,0,0,,,,0xC537e898CD774e2dCBa3B14Ea6f34C93d5eA45e1,NaN
5741,0x71d367320e6ef3e9cf800f5cae020980d53f3acffee82b2c2a17512653ec92a7,2023-06-02 02:49:03.073112,17390200,uniswap_v3 USDC-eB48/CRV-cd52 10000,USDC-eB48/CRV-cd52,uniswap_v3,10000,0.01,,,,,,,,,,,87959760278696724997397868798299871,278415,200,77760250800924476,0x9445bd19767F73DCaE6f2De90e6cd31192F62589,NaN
5742,4423670769972200025023869896612986748965,2023-06-02 02:48:59.513976,17390200,NaN,vBNT-7f94/BNT-FF1C,carbon_v1,0.002,0.002,,,1027046276694731263152,1027046276694731263152,11425536572939,256950323529445,500000000000000000000,0,14444367486100,267030609224556,0,,,,0xC537e898CD774e2dCBa3B14Ea6f34C93d5eA45e1,NaN
5743,1701411834604692317316873037158841057371,2023-06-02 02:48:11.926718,17390195,NaN,ETH-EEeE/USDC-eB48,carbon_v1,0.002,0.002,,,2969733915348337697,1200555641927794791,2980772467594688,4416648363926356,8510987508,8510987508,336461286,11605510599,0,,,,0xC537e898CD774e2dCBa3B14Ea6f34C93d5eA45e1,NaN
5744,4083388403051261561560495289181218537493,2023-06-02 02:49:04.315589,17390201,NaN,WBTC-C599/USDC-eB48,carbon_v1,0.002,0.002,,,2827438,2827438,483712522794,16090853419632,1270214676,491707823,127896581504192,1550564903808408,0,,,,0xC537e898CD774e2dCBa3B14Ea6f34C93d5eA45e1,NaN
5745,4423670769972200025023869896612986748966,2023-06-02 02:49:00.26684,17390200,NaN,vBNT-7f94/BNT-FF1C,carbon_v1,0.002,0.002,,,1089255650988792984204,1089255650988792984204,13099116608272,268375860102384,500000000000000000000,0,15271736468478,251758872756078,0,,,,0xC537e898CD774e2dCBa3B14Ea6f34C93d5eA45e1,NaN
5746,1701411834604692317316873037158841057374,2023-06-02 02:48:12.639453,17390195,NaN,ETH-EEeE/USDC-eB48,carbon_v1,0.002,0.002,,,0,0,0,4423475823160755,0,0,0,11975098085,0,,,,0xC537e898CD774e2dCBa3B14Ea6f34C93d5eA45e1,NaN
5747,4083388403051261561560495289181218537579,2023-06-02 02:49:05.029894,17390201,NaN,WBTC-C599/USDC-eB48,carbon_v1,0.002,0.002,,,6000000,6000000,778453140377,16063055839226,1815613357,1815613357,712129130498884,1382384085082969,0,,,,0xC537e898CD774e2dCBa3B14Ea6f34C93d5eA45e1,NaN
5748,4423670769972200025023869896612986748976,2023-06-02 02:49:00.986793,17390200,NaN,vBNT-7f94/BNT-FF1C,carbon_v1,0.002,0.002,,,810415435921192052601,810415435921192052601,15225700205518,422212465065984,500000000000000000000,259385928441193498809,16260011272663,235498861483415,0,,,,0xC537e898CD774e2dCBa3B14Ea6f34C93d5eA45e1,NaN
5749,1701411834604692317316873037158841057382,2023-06-02 02:48:13.34989,17390195,NaN,ETH-EEeE/USDC-eB48,carbon_v1,0.002,0.002,,,455916276671867295,455653680,0,4421836573316610,844317425,844317425,32935164,12011431384,0,,,,0xC537e898CD774e2dCBa3B14Ea6f34C93d5eA45e1,NaN
5750,4423670769972200025023869896612986748977,2023-06-02 02:49:01.754907,17390200,NaN,vBNT-7f94/BNT-FF1C,carbon_v1,0.002,0.002,,,500000000000000000000,330931459569076356138,17997914028924,429825315168743,637922021317959400000,637922021317959400000,17469282048517,218029579434898,0,,,,0xC537e898CD774e2dCBa3B14Ea6f34C93d5eA45e1,NaN
5751,2041694201525630780780247644590609268742,2023-06-02 02:49:07.404437,17390201,NaN,DAI-1d0F/USDT-1ec7,carbon_v1,0.002,0.002,,,20000000000000000000,20000000000000000000,0,5897266407715429,20000000,20000000,0,280770407,0,,,,0xC537e898CD774e2dCBa3B14Ea6f34C93d5eA45e1,NaN
5752,1701411834604692317316873037158841057385,2023-06-02 02:48:14.060869,17390195,NaN,ETH-EEeE/USDC-eB48,carbon_v1,0.002,0.002,,,7258351999799176013,7258351999799176013,2770458974145728,4414201427359729,16000054402,2364855230,162513266,12106696520,0,,,,0xC537e898CD774e2dCBa3B14Ea6f34C93d5eA45e1,NaN
5753,4423670769972200025023869896612986749014,2023-06-02 02:49:02.476907,17390200,NaN,BNT-FF1C/vBNT-7f94,carbon_v1,0.002,0.002,,,0,0,11083683461932,425114574273757,0,0,20667668420221,238839437719716,0,,,,0xC537e898CD774e2dCBa3B14Ea6f34C93d5eA45e1,NaN
5754,9527906273786276976974489008089509920820,2023-06-02 02:49:08.348014,17390201,NaN,WBTC-C599/USDT-1ec7,carbon_v1,0.002,0.002,,,6480,6480,653177189682,15734929547254,0,0,168240307215872,1551909440538593,0,,,,0xC537e898CD774e2dCBa3B14Ea6f34C93d5eA45e1,NaN
5755,1701411834604692317316873037158841057386,2023-06-02 02:48:14.773462,17390195,NaN,ETH-EEeE/USDC-eB48,carbon_v1,0.002,0.002,,,1440000000000000000,1189498982956626814,3907584346401332,4367445660319666,453214085,453214085,2305848309,9343951791,0,,,,0xC537e898CD774e2dCBa3B14Ea6f34C93d5eA45e1,NaN
5756,4423670769972200025023869896612986749015,2023-06-02 02:49:03.197541,17390200,NaN,BNT-FF1C/vBNT-7f94,carbon_v1,0.002,0.002,,,0,0,21479748795248,238743959227906,50079388865503803243167,50079388865503803243167,12162724739896,424999616594226,0,,,,0xC537e898CD774e2dCBa3B14Ea6f34C93d5eA45e1,NaN
5757,0xc53b765a9081b8d5bbcbb3e1171292025341224b49f74f6bdc6c78035b6f9e14,2023-06-02 02:49:09.007806,17390201,uniswap_v2 WETH-6Cc2/DEXT-C75a 0.003,WETH-6Cc2/DEXT-C75a,uniswap_v2,0.003,0.003,1161647828287712980262,4409574567370082718539910,,,,,,,,,0,,,,0xA29fE6ef9592b5d408cca961D0fb9b1fAF497D6D,NaN
5758,1701411834604692317316873037158841057394,2023-06-02 02:48:15.487502,17390195,NaN,ETH-EEeE/USDC-eB48,carbon_v1,0.002,0.002,,,100000000000000000,8,0,4422979815687076,382900000,382900000,0,11895440229,0,,,,0xC537e898CD774e2dCBa3B14Ea6f34C93d5eA45e1,NaN
5759,0x432f4ecc91751487fd67653fb474bd419c917f375dd1f8c6f25330fa7cace0d4,2023-06-02 02:49:09.670766,17390201,uniswap_v2 PAXG-Af78/USDC-eB48 0.003,PAXG-Af78/USDC-eB48,uniswap_v2,0.003,0.003,1039420343523245616937,2057743029611,,,,,,,,,0,,,,0x6D74443bb2d50785989a7212eBfd3a8dbABD1F60,NaN
5760,12930729942995661611608235082407192035408,2023-06-02 02:49:11.22435,17390201,NaN,stETH-fE84/WETH-6Cc2,carbon_v1,0.002,0.002,,,0,0,11537531850305,267164224749167,1000000000000000000,1000000000000000000,4298139552137,274347871120865,0,,,,0xC537e898CD774e2dCBa3B14Ea6f34C93d5eA45e1,NaN
5761,0x60bb5840d9458b4c49b4686348812be32111f6f5a9aacf7f7ade0c70b8894be0,2023-06-02 02:49:12.788495,17390201,uniswap_v2 stETH-fE84/WETH-6Cc2 0.003,stETH-fE84/WETH-6Cc2,uniswap_v2,0.003,0.003,1124963952537951814889,1121995262415253102624,,,,,,,,,0,,,,0x4028DAAC072e492d34a3Afdbef0ba7e35D8b55C4,NaN
5762,0x49ed97db2c080b7eac91dfaa7d51d5e8ac34c4dcfbcd3e8f2ed326a2a527b959,2023-06-02 02:49:10.640254,17390201,uniswap_v3 WBTC-C599/USDC-eB48 3000,WBTC-C599/USDC-eB48,uniswap_v3,3000,0.003,,,,,,,,,,,1300091428524321514558189231945,55959,60,10082572287439,0x99ac8cA7087fA4A2A1FB6357269965A2014ABc35,NaN
5763,0x36445535fc762f6c53277a667500a41e31b51bec800e76aab33dafab75da4eaa,2023-06-02 02:49:18.457809,17390202,uniswap_v3 WBTC-C599/WETH-6Cc2 3000,WBTC-C599/WETH-6Cc2,uniswap_v3,3000,0.003,,,,,,,,,,,30079434882065716957820807362349875,256953,60,1824561956377230629,0xCBCdF9626bC03E24f779434178A73a0B4bad62eD,NaN
5764,0xae74d344dcbd233af25d4c0659168d3c47dd7f5ad39b7cc07efada00d3b9424f,2023-06-02 02:49:11.650674,17390201,uniswap_v3 WBTC-C599/USDT-1ec7 3000,WBTC-C599/USDT-1ec7,uniswap_v3,3000,0.003,,,,,,,,,,,1300041752012846493622977313647,55959,60,4027065454289,0x9Db9e0e53058C89e5B94e29621a205198648425B,NaN
5765,2722258935367507707706996859454145691656,2023-06-02 02:48:23.937784,17390197,NaN,ETH-EEeE/USDT-1ec7,carbon_v1,0.002,0.002,,,1000000000000000,1000000000000000,0,4405262671506063,5000000,3109001,0,12240116637,0,,,,0xC537e898CD774e2dCBa3B14Ea6f34C93d5eA45e1,NaN
5766,0x1f340449297845d0b9fe0f707ce0c06943e0b7332fc02e2206c892f4b33ba77f,2023-06-02 02:49:22.193261,17390202,uniswap_v3 PEPE-1933/USDC-eB48 10000,PEPE-1933/USDC-eB48,uniswap_v3,10000,0.01,,,,,,,,,,,88661893849410351284,-412236,200,46704128438880309436,0xcEE31C846CbF003F4cEB5Bbd234cBA03C6e940C7,NaN
5767,0x98b46782c34d7d66f1c673b2fd7cb7350b1f9eef53dae7b00ca5fe8a194fbbf5,2023-06-02 02:49:12.621718,17390201,uniswap_v3 MATIC-eBB0/WETH-6Cc2 3000,MATIC-eBB0/WETH-6Cc2,uniswap_v3,3000,0.003,,,,,,,,,,,1730619430489104663521001419,-76481,60,566888887344764472797747,0x290A6a7460B308ee3F19023D2D00dE604bcf5B42,NaN
5768,2722258935367507707706996859454145691665,2023-06-02 02:48:24.651592,17390197,NaN,ETH-EEeE/USDT-1ec7,carbon_v1,0.002,0.002,,,0,0,0,0,0,0,0,0,0,,,,0xC537e898CD774e2dCBa3B14Ea6f34C93d5eA45e1,NaN
5769,0x3cdc45b7524f917a9370aa880e15aeb8dcbe607d8400f4943a2a3a9637e9ff2c,2023-06-02 02:49:14.686381,17390202,uniswap_v3 CRETH2-dB64/WETH-6Cc2 10000,CRETH2-dB64/WETH-6Cc2,uniswap_v3,10000,0.01,,,,,,,,,,,78597389767855301735447597000,-160,200,30616657246548900483662,0x12026AC556Cd535149E47c0aD9846FB7970EC455,NaN
5770,0x2000b5d4b9f17c8711f8086b02fc3d2d09673215f426d48297df55282b935fd4,2023-06-02 02:49:13.638275,17390202,uniswap_v3 WETH-6Cc2/CRV-cd52 3000,WETH-6Cc2/CRV-cd52,uniswap_v3,3000,0.003,,,,,,,,,,,3783351014919527369241713364565,77324,60,52599234483625331205874,0x919Fa96e88d67499339577Fa202345436bcDaf79,NaN
5771,2722258935367507707706996859454145691723,2023-06-02 02:48:25.364917,17390197,NaN,ETH-EEeE/USDT-1ec7,carbon_v1,0.002,0.002,,,0,0,0,0,5000000,5000000,0,11258999068,0,,,,0xC537e898CD774e2dCBa3B14Ea6f34C93d5eA45e1,NaN
5772,0x9eb1a3702b52b36fab74ed0b019705c3c40351d74a78e1263393bc3319932a78,2023-06-02 02:49:15.638135,17390202,uniswap_v3 CVX-9D2B/WETH-6Cc2 10000,CVX-9D2B/WETH-6Cc2,uniswap_v3,10000,0.01,,,,,,,,,,,3779383952350679483765493683,-60859,200,4950124694193648616992,0x2E4784446A0a06dF3D1A040b03e1680Ee266c35a,NaN
5773,0x7ee98a555a20991064e9aab73bf61e084f9fb9bddaa8db106ea7664c4776f38e,2023-06-02 02:49:14.625588,17390202,uniswap_v3 Silo-B1f8/USDC-eB48 10000,Silo-B1f8/USDC-eB48,uniswap_v3,10000,0.01,,,,,,,,,,,23808484030410633762539,-300372,200,37866559332840188,0xe3496358c6E16C0bD015c0D2f817029e7BFDD55E,NaN
5774,3062541302288446171170371466885913903199,2023-06-02 02:48:20.862812,17390197,NaN,rETH-6393/ETH-EEeE,carbon_v1,0.002,0.002,,,0,0,18051676019,6579823544491,0,0,0,1875960767845615,0,,,,0xC537e898CD774e2dCBa3B14Ea6f34C93d5eA45e1,NaN
5775,0x38a4847880387ca4a93a5d202263135d162f37adf6e46b505f1f2117f4909a83,2023-06-02 02:49:16.560178,17390202,uniswap_v3 USDC-eB48/WETH-6Cc2 3000,USDC-eB48/WETH-6Cc2,uniswap_v3,3000,0.003,,,,,,,,,,,1830276710786928335112713161238204,200962,60,7019225740307825102,0x8ad599c3A0ff1De082011EFDDc58f1908eb6e6D8,NaN
5776,3062541302288446171170371466885913903200,2023-06-02 02:48:21.603339,17390197,NaN,rETH-6393/ETH-EEeE,carbon_v1,0.002,0.002,,,932230718199658702,932230718199658702,0,271478574278595,1131176171505165563,1131176171505165563,0,427190959203390,0,,,,0xC537e898CD774e2dCBa3B14Ea6f34C93d5eA45e1,NaN
5777,0x2485d750a859b8bb52fa93c2c58b2b69699c6cf6211e7741dcdb8282d32c192e,2023-06-02 02:49:15.602632,17390202,uniswap_v3 DAI-1d0F/USDT-1ec7 500,DAI-1d0F/USDT-1ec7,uniswap_v3,500,0.0005,,,,,,,,,,,79226650365417204790281,-276325,10,320436314563590310956,0x6f48ECa74B38d2936B02ab603FF4e36A6C0E3A77,NaN
5778,3062541302288446171170371466885913903202,2023-06-02 02:48:22.316664,17390197,NaN,ETH-EEeE/rETH-6393,carbon_v1,0.002,0.002,,,545000000000000000,278992587561356110,463720087586,426565170891406,249682789716315738,249682789716315738,539232017125,271546774703780,0,,,,0xC537e898CD774e2dCBa3B14Ea6f34C93d5eA45e1,NaN
5779,0xae2b487dff467a33b88e5a4e6874f91ee212886979f673dd18d3e0396862112f,2023-06-02 02:49:19.375803,17390202,uniswap_v3 DAI-1d0F/WETH-6Cc2 3000,DAI-1d0F/WETH-6Cc2,uniswap_v3,3000,0.003,,,,,,,,,,,1830159003960849587938303978,-75363,60,1111017084854822793910975,0xC2e9F25Be6257c210d7Adf0D4Cd6E3E881ba25f8,NaN
5780,0xb5d434551b25c389254765c6c86093134e4e5a288b5b24fbd07ebca73a9dd559,2023-06-02 02:49:16.571249,17390202,uniswap_v3 SMT-7173/WETH-6Cc2 3000,SMT-7173/WETH-6Cc2,uniswap_v3,3000,0.003,,,,,,,,,,,461044130827891094971754047,-102938,60,4400035213937329721958,0x1BEcf1Ac50F31C3441181563F9D350dDF72a2Bfa,NaN
5781,3062541302288446171170371466885913903213,2023-06-02 02:48:23.029878,17390197,NaN,rETH-6393/ETH-EEeE,carbon_v1,0.002,0.002,,,1350317210283684262,1350317210283684262,1694354128728,265185110678552,720000000000000000,1,0,429560778346053,0,,,,0xC537e898CD774e2dCBa3B14Ea6f34C93d5eA45e1,NaN
5782,0xed6c4db556d46b62720e856ae2deae55bae90786d2c5e859dd5fb7b61bc3f2c4,2023-06-02 02:49:20.322798,17390202,uniswap_v3 USDC-eB48/WETH-6Cc2 500,USDC-eB48/WETH-6Cc2,uniswap_v3,500,0.0005,,,,,,,,,,,1828099312357316808757856481392595,200939,10,28692699491202482016,0x88e6A0c2dDD26FEEb64F039a2c41296FcB3f5640,NaN
5783,0xa00c086bd39848389cc244a239012092df251285163ed7d97e4261d87d733cc6,2023-06-02 02:49:17.556321,17390202,uniswap_v3 PEPE-1933/WETH-6Cc2 3000,PEPE-1933/WETH-6Cc2,uniswap_v3,3000,0.003,,,,,,,,,,,2050383813477931765253261,-211252,60,519945081937206278691396523,0x11950d141EcB863F01007AdD7D1A342041227b58,NaN
5784,0x6cf2372558ad5cccfef74cfcd6dcdaaee04b20a99953a7d8a84dbaf139314c9f,2023-06-02 02:49:13.739658,17390202,uniswap_v3 HEX-eb39/USDC-eB48 3000,HEX-eb39/USDC-eB48,uniswap_v3,3000,0.003,,,,,,,,,,,895140299348568725571211915,-89667,60,52376700496490,0x69D91B94f0AaF8e8A2586909fA77A5c2c89818d5,NaN
5785,0x51ce5830c42864b4ee02d65d8a363755d5376f60e11d70fd1cc874136e83e219,2023-06-02 02:49:18.5057,17390202,uniswap_v3 DAI-1d0F/USDT-1ec7 100,DAI-1d0F/USDT-1ec7,uniswap_v3,100,0.0001,,,,,,,,,,,79217658774904820046293,-276327,1,1608001693336111379862,0x48DA0965ab2d2cbf1C17C09cFB5Cbe67Ad5B1406,NaN
5786,0x8b5e32dd87ab7b93fa87a63def90e0102ea51f352310696e54c8a2da37bd8401,2023-06-02 02:49:21.258815,17390202,uniswap_v3 ARB-4ad1/WETH-6Cc2 10000,ARB-4ad1/WETH-6Cc2,uniswap_v3,10000,0.01,,,,,,,,,,,1975210182773963608432304709,-73837,200,74684465401155159545478,0x755E5A186F0469583bd2e80d1216E02aB88Ec6ca,NaN
5787,0xbfe06620cb3d18afae16fad51a3d598620c5479e1fc7d3ff80881eaad4529d75,2023-06-02 02:49:19.4855,17390202,uniswap_v3 XCHF-fc08/WETH-6Cc2 3000,XCHF-fc08/WETH-6Cc2,uniswap_v3,3000,0.003,,,,,,,,,,,1924120561689598028377650233,-74361,60,35280622238283985022846,0x4858411a69af3351ED7d448A0d65C6146C11C218,NaN
5788,0x2f7a9821444c1a975631ac55a1aee5360da436100cc9af2e5010397eb78a6b7c,2023-06-02 02:49:20.434856,17390202,uniswap_v3 LINK-86CA/USDC-eB48 3000,LINK-86CA/USDC-eB48,uniswap_v3,3000,0.003,,,,,,,,,,,200335376691910315973273,-257770,60,261838755903402208,0xFAD57d2039C21811C8F2B5D5B65308aa99D31559,NaN
5789,5104235503814076951950619111476523171868,2023-06-02 02:48:59.163345,17390200,NaN,vBNT-7f94/USDC-eB48,carbon_v1,0.002,0.002,,,0,0,0,0,0,0,32103238,132023466,0,,,,0xC537e898CD774e2dCBa3B14Ea6f34C93d5eA45e1,NaN
5790,5104235503814076951950619111476523171896,2023-06-02 02:48:59.873779,17390200,NaN,vBNT-7f94/USDC-eB48,carbon_v1,0.002,0.002,,,5000000000000000000000,5000000000000000000000,4673439466939040,6120587385862792,0,0,4827778,161695063,0,,,,0xC537e898CD774e2dCBa3B14Ea6f34C93d5eA45e1,NaN
5791,9187623906865338513511114400657741709362,2023-06-02 02:49:26.735745,17390203,NaN,ETH-EEeE/WBTC-C599,carbon_v1,0.002,0.002,,,0,0,4431814251932800,5537837088750967,0,0,55242720,689470068,0,,,,0xC537e898CD774e2dCBa3B14Ea6f34C93d5eA45e1,NaN
5792,9187623906865338513511114400657741709391,2023-06-02 02:45:59.508207,17390186,NaN,WBTC-C599/ETH-EEeE,carbon_v1,0.002,0.002,,,0,0,27993069,701206927,0,0,4197273666249056,5546543421420288,0,,,,0xC537e898CD774e2dCBa3B14Ea6f34C93d5eA45e1,NaN
5793,9187623906865338513511114400657741709420,2023-06-02 02:46:00.222265,17390186,NaN,WBTC-C599/ETH-EEeE,carbon_v1,0.002,0.002,,,6057483,6057483,23921555,704789537,1000000000000000000,1000000000000000000,4656185002513928,5533808269232441,0,,,,0xC537e898CD774e2dCBa3B14Ea6f34C93d5eA45e1,NaN
5794,8166776806102523123120990578362437074987,2023-06-02 02:49:25.627064,17390203,NaN,HRP-12Bf/ETH-EEeE,carbon_v1,0.002,0.002,,,0,0,0,0,0,0,824421119442,1990328647664,0,,,,0xC537e898CD774e2dCBa3B14Ea6f34C93d5eA45e1,NaN
5795,6805647338418769269267492148635364229154,2023-06-02 02:49:18.240574,17390202,NaN,LBR-aCcA/ETH-EEeE,carbon_v1,0.002,0.002,,,0,0,0,0,500000000000000000,500000000000000000,824421119442,1990328647664,0,,,,0xC537e898CD774e2dCBa3B14Ea6f34C93d5eA45e1,NaN
5796,6125082604576892342340742933771827806240,2023-06-02 02:49:16.420488,17390202,NaN,MATIC-eBB0/ARB-4ad1,carbon_v1,0.002,0.002,,,202580033361367509166,202580033361367509166,54951968265652,422212465065984,100000000000000000000,12760538178735827538,74029518581747,219838984563023,0,,,,0xC537e898CD774e2dCBa3B14Ea6f34C93d5eA45e1,NaN
5797,5784800237655953878877368326340059594782,2023-06-02 02:49:15.517145,17390202,NaN,RPL-A51f/XCHF-fc08,carbon_v1,0.002,0.002,,,17915505804080494069,17915505804080494069,0,0,2000000000000000000000,1243936280931989528054,201865352080192,1052578482527761,0,,,,0xC537e898CD774e2dCBa3B14Ea6f34C93d5eA45e1,NaN
5798,7145929705339707732730866756067132440612,2023-06-02 02:49:19.157513,17390202,NaN,PEPE-1933/ETH-EEeE,carbon_v1,0.002,0.002,,,0,0,0,4944431896972025,0,0,0,2686575069,0,,,,0xC537e898CD774e2dCBa3B14Ea6f34C93d5eA45e1,NaN
5799,7145929705339707732730866756067132440620,2023-06-02 02:49:19.868955,17390202,NaN,PEPE-1933/ETH-EEeE,carbon_v1,0.002,0.002,,,7144674823524943676279644,7144674823524943676279644,0,3313534809917929,2500000000000000000,0,0,166522841916,0,,,,0xC537e898CD774e2dCBa3B14Ea6f34C93d5eA45e1,NaN
5800,7145929705339707732730866756067132440621,2023-06-02 02:49:20.581326,17390202,NaN,PEPE-1933/ETH-EEeE,carbon_v1,0.002,0.002,,,1315789473685020981743419,1315789473685020981743419,0,3301106638963764,500000000000000000,0,0,173512828792,0,,,,0xC537e898CD774e2dCBa3B14Ea6f34C93d5eA45e1,NaN
5801,7145929705339707732730866756067132440694,2023-06-02 02:49:21.293872,17390202,NaN,PEPE-1933/ETH-EEeE,carbon_v1,0.002,0.002,,,0,0,1165907528222,2814749767106,0,0,0,19903286476643,0,,,,0xC537e898CD774e2dCBa3B14Ea6f34C93d5eA45e1,NaN
5802,7145929705339707732730866756067132440695,2023-06-02 02:49:22.005631,17390202,NaN,PEPE-1933/ETH-EEeE,carbon_v1,0.002,0.002,,,0,0,1165907528222,2814749767106,0,0,0,19903286476643,0,,,,0xC537e898CD774e2dCBa3B14Ea6f34C93d5eA45e1,NaN
5803,0xdc3880868384393a25bd1da8a45e94660d3a163f1d40521370e906226dcae69f,2023-06-02 02:46:16.502991,17390188,uniswap_v2 WETH-6Cc2/LBR-aCcA 0.003,WETH-6Cc2/LBR-aCcA,uniswap_v2,0.003,0.003,884871148224010119,677461914000408232152,,,,,,,,,0,,,,0x3FC4292322d7abD610bF2F3A1fA341631Af5Bdb5,NaN
5804,0x6f90cc2e5157ff1b1219defe90690598ceaa9be99eb664d0b47460911e6440c8,2023-06-02 02:46:37.542557,17390189,uniswap_v3 MDT-7d26/WETH-6Cc2 3000,MDT-7d26/WETH-6Cc2,uniswap_v3,3000,0.003,,,,,,,,,,,396371500467564323966932561,-105961,60,518841832919869571904598,0x8FEC7A391cd9838935F4d4fD516ba6a3B3D2cdA7,NaN
5805,0x667ce5794ed59767a112057725d38bc60729f8449757d23b1f6c21098736cbe1,2023-06-02 02:46:36.594339,17390189,uniswap_v3 TURBO-20D3/WETH-6Cc2 10000,TURBO-20D3/WETH-6Cc2,uniswap_v3,10000,0.01,,,,,,,,,,,25299811404703296320347197,-160994,200,1514937562593203230994313,0x7baecE5d47f1BC5E1953FBE0E9931D54DAB6D810,NaN
5806,0x06b295766e941eb449be6a47d11466a50debbacc20638269523dac448fd210d4,2023-06-02 02:46:49.612681,17390190,uniswap_v3 WETH-6Cc2/LHINU-038d 3000,WETH-6Cc2/LHINU-038d,uniswap_v3,3000,0.003,,,,,,,,,,,377341225146699370738006871549454,169379,60,1191250861769595405823398,0xc5BBA4469eD5B55eE21228C9E7261816081C4Bfb,NaN
5807,17014118346046923173168730371588410572915,2023-06-02 02:49:11.991407,17390201,NaN,PEPE-1933/TURBO-20D3,carbon_v1,0.002,0.002,,,0,0,0,1653233157729138,1705327137828901157474951,1705327137828901157474951,0,10050667003024,0,,,,0xC537e898CD774e2dCBa3B14Ea6f34C93d5eA45e1,NaN
5808,12590447576074723148144860474975423823949,2023-06-02 02:49:00.956551,17390200,NaN,BAM-4AaB/ETH-EEeE,carbon_v1,0.002,0.002,,,0,0,0,5232231541229414,0,0,46278427,1688849860,0,,,,0xC537e898CD774e2dCBa3B14Ea6f34C93d5eA45e1,NaN
5809,13271012309916600075071609689838960246866,2023-06-02 02:49:02.74794,17390200,NaN,ETH2x_FLI-65BD/ETH-EEeE,carbon_v1,0.002,0.002,,,0,0,432658899008464,1326904242110598,0,0,2200673839436,20140709820486,0,,,,0xC537e898CD774e2dCBa3B14Ea6f34C93d5eA45e1,NaN
5810,13951577043758477001998358904702496669784,2023-06-02 02:49:03.839072,17390200,NaN,DEXT-C75a/USDC-eB48,carbon_v1,0.002,0.002,,,414166668318922808899,414166668318922808899,0,6079405896095884,250000000,1500000,0,218029579,0,,,,0xC537e898CD774e2dCBa3B14Ea6f34C93d5eA45e1,NaN
5811,14291859410679415465461733512134264881242,2023-06-02 02:49:04.752926,17390201,NaN,HEX-eb39/ETH-EEeE,carbon_v1,0.002,0.002,,,0,0,32054444142,93824992236,4096143498750000,4096143498750000,2174000500145156,2497658087861106,0,,,,0xC537e898CD774e2dCBa3B14Ea6f34C93d5eA45e1,NaN
5812,14632141777600353928925108119566033092712,2023-06-02 02:49:05.662693,17390201,NaN,ETH-EEeE/CRETH2-dB64,carbon_v1,0.002,0.002,,,0,0,2732534316972,277345535623620,0,0,0,422212465065984,0,,,,0xC537e898CD774e2dCBa3B14Ea6f34C93d5eA45e1,NaN
5813,14972424144521292392388482726997801304161,2023-06-02 02:49:08.168682,17390201,NaN,UNIBOT-5040/WETH-6Cc2,carbon_v1,0.002,0.002,,,0,0,0,1594908216899813,0,0,0,11537040912814,0,,,,0xC537e898CD774e2dCBa3B14Ea6f34C93d5eA45e1,NaN
5814,15652988878363169319315231941861337727077,2023-06-02 02:49:09.080701,17390201,NaN,WBTC-C599/rETH-6393,carbon_v1,0.002,0.002,,,2262429,2262429,0,0,322238214344994468,991147447490306,3841541776056576,5548903258865350,0,,,,0xC537e898CD774e2dCBa3B14Ea6f34C93d5eA45e1,NaN
5815,15993271245284107782778606549293105938535,2023-06-02 02:49:09.983099,17390201,NaN,LHINU-038d/USDT-1ec7,carbon_v1,0.002,0.002,,,0,0,0,0,5000000000,5000000000,0,267030,0,,,,0xC537e898CD774e2dCBa3B14Ea6f34C93d5eA45e1,NaN
5816,16673835979125984709705355764156642361457,2023-06-02 02:49:11.083841,17390201,NaN,CVX-9D2B/CRV-cd52,carbon_v1,0.002,0.002,,,4425175212478831304443,4425175212478831304443,0,110403569141208,963643902731062313847,963643902731062313847,0,703687441776640,0,,,,0xC537e898CD774e2dCBa3B14Ea6f34C93d5eA45e1,NaN
5817,1701411834604692317316873037158841057401,2023-06-02 02:48:16.201017,17390195,NaN,ETH-EEeE/USDC-eB48,carbon_v1,0.002,0.002,,,101598000200817600,101598000200817600,2446874816754432,4409083376785888,2985037,0,52100553,12139373224,0,,,,0xC537e898CD774e2dCBa3B14Ea6f34C93d5eA45e1,NaN
5818,9187623906865338513511114400657741709434,2023-06-02 02:46:00.93504,17390186,NaN,ETH-EEeE/WBTC-C599,carbon_v1,0.002,0.002,,,100000000000000000,100000000000000000,0,5550942688830526,0,0,0,717623199,0,,,,0xC537e898CD774e2dCBa3B14Ea6f34C93d5eA45e1,NaN
5819,1701411834604692317316873037158841057403,2023-06-02 02:48:16.912609,17390195,NaN,ETH-EEeE/USDC-eB48,carbon_v1,0.002,0.002,,,0,0,0,4416648363926356,10000000000,10000000000,0,12106696520,0,,,,0xC537e898CD774e2dCBa3B14Ea6f34C93d5eA45e1,NaN
5820,4083388403051261561560495289181218537596,2023-06-02 02:49:05.744375,17390201,NaN,WBTC-C599/USDC-eB48,carbon_v1,0.002,0.002,,,0,0,0,16673138657182,10000000000,10000000000,0,1551238742919704,0,,,,0xC537e898CD774e2dCBa3B14Ea6f34C93d5eA45e1,NaN
5821,1701411834604692317316873037158841057405,2023-06-02 02:48:17.625059,17390195,NaN,ETH-EEeE/USDC-eB48,carbon_v1,0.002,0.002,,,300000000000000000,246476989711421329,2233768169719040,4418162189973687,101788551,101788551,93246048,11848725837,0,,,,0xC537e898CD774e2dCBa3B14Ea6f34C93d5eA45e1,NaN
5822,14632141777600353928925108119566033092734,2023-06-02 02:49:06.373517,17390201,NaN,CRETH2-dB64/ETH-EEeE,carbon_v1,0.002,0.002,,,6000000000000000000,6000000000000000000,0,422212465065984,300000000000000000,300000000000000000,0,278646010673002,0,,,,0xC537e898CD774e2dCBa3B14Ea6f34C93d5eA45e1,NaN
5823,9187623906865338513511114400657741709439,2023-06-02 02:46:01.649453,17390186,NaN,WBTC-C599/ETH-EEeE,carbon_v1,0.002,0.002,,,0,0,0,721968081,530000000000000000,530000000000000000,0,5553022091250847,0,,,,0xC537e898CD774e2dCBa3B14Ea6f34C93d5eA45e1,NaN
5824,7145929705339707732730866756067132440704,2023-06-02 02:49:22.716768,17390202,NaN,PEPE-1933/ETH-EEeE,carbon_v1,0.002,0.002,,,0,0,1165907528222,2814749767106,0,0,0,19903286476643,0,,,,0xC537e898CD774e2dCBa3B14Ea6f34C93d5eA45e1,NaN
5825,1701411834604692317316873037158841057409,2023-06-02 02:48:18.336775,17390195,NaN,ETH-EEeE/USDC-eB48,carbon_v1,0.002,0.002,,,1050000000006387,6391,0,4424591350658243,1890000,1890000,0,12587943637,0,,,,0xC537e898CD774e2dCBa3B14Ea6f34C93d5eA45e1,NaN
5826,4763953136893138488487244504044754960514,2023-06-02 02:48:58.269092,17390200,NaN,LINK-86CA/USDT-1ec7,carbon_v1,0.002,0.002,,,1106044157135323158232,1106044157135323158232,3912697341096896,5542768105517915,108565,108565,16251968,723122308,0,,,,0xC537e898CD774e2dCBa3B14Ea6f34C93d5eA45e1,NaN
5827,7145929705339707732730866756067132440707,2023-06-02 02:49:23.429328,17390202,NaN,PEPE-1933/ETH-EEeE,carbon_v1,0.002,0.002,,,0,0,1165907528222,2814749767106,0,0,0,19903286476643,0,,,,0xC537e898CD774e2dCBa3B14Ea6f34C93d5eA45e1,NaN
5828,0x221a61aaf35ba8ca83dc227742b7e1ab7ea9ca75a4db843b27da6c367d694311,2023-06-02 02:47:48.832918,17390194,bancor_v3 BNT-FF1C/LINK-86CA 0.000,BNT-FF1C/LINK-86CA,bancor_v3,0.000,0.0,14897893169439798924603886,954268613052245748472436,,,,,,,,,0,,,,0x514910771AF9Ca656af840dff83E8264EcF986CA,NaN
5829,0x3885d978c125e66686e3f678ab64d5b09e61f89bf6e87c9ff66e740fd06aeefa,2023-06-02 02:47:48.189713,17390194,bancor_v3 BNT-FF1C/WBTC-C599 0.000,BNT-FF1C/WBTC-C599,bancor_v3,0.000,0.0,5922308675472994975701328,8987585179,,,,,,,,,0,,,,0x2260FAC5E5542a773Aa44fBCfeDf7C193bc2C599,NaN
5830,0x6596207256cfd30301ccf313ddb006b090d541a860f77ecd2cb0d4d9d26d714d,2023-06-02 02:47:47.547219,17390194,bancor_v3 BNT-FF1C/USDT-1ec7 0.000,BNT-FF1C/USDT-1ec7,bancor_v3,0.000,0.0,3969886844360689397935474,1632829426036,,,,,,,,,0,,,,0xdAC17F958D2ee523a2206206994597C13D831ec7,NaN
5831,0x7be3da0f8d0f70d8f7a84a08dd267beea4318ed1c9fb3d602b0f3a3c7bd1cf4a,2023-06-02 02:47:49.475787,17390194,bancor_v3 BNT-FF1C/DAI-1d0F 0.000,BNT-FF1C/DAI-1d0F,bancor_v3,0.000,0.0,4295648817742604029366204,1756089964074679252481770,,,,,,,,,0,,,,0x6B175474E89094C44Da98b954EedeAC495271d0F,NaN
5832,3743106036130323098097120681749450326148,2023-06-02 02:49:07.73828,17390201,NaN,BNT-FF1C/ETH-EEeE,carbon_v1,0.002,0.002,,,3000000000000000000000,3000000000000000000000,0,2115324136500014,0,0,0,4078959932139,0,,,,0xC537e898CD774e2dCBa3B14Ea6f34C93d5eA45e1,NaN
5833,340282366920938463463374607431768211589,2023-06-02 02:47:51.108929,17390195,NaN,ETH-EEeE/DAI-1d0F,carbon_v1,0.002,0.002,,,0,0,80181217416,6293971818901,100130416000000000000000,100130416000000000000000,463690051727488,1872833345797854,0,,,,0xC537e898CD774e2dCBa3B14Ea6f34C93d5eA45e1,NaN
5834,18034965446809738563558854193883715207302,2023-06-02 02:48:37.283295,17390198,NaN,wjAURA-Cd1F/AURA-3DBF,carbon_v1,0.002,0.002,,,577190060112475460640,577190060112475460640,0,280078069940593,0,0,0,280064065686981,0,,,,0xC537e898CD774e2dCBa3B14Ea6f34C93d5eA45e1,NaN
5835,1701411834604692317316873037158841057415,2023-06-02 02:48:19.048993,17390195,NaN,ETH-EEeE/USDC-eB48,carbon_v1,0.002,0.002,,,0,0,0,0,1000000033,1000000033,508404282,11433567603,0,,,,0xC537e898CD774e2dCBa3B14Ea6f34C93d5eA45e1,NaN
5836,18375247813730677027022228801315483418760,2023-06-02 02:49:12.147142,17390201,NaN,FRAX-b99e/USDC-eB48,carbon_v1,0.002,0.002,,,0,0,0,5897800873064603,86100000000,86100000000,0,281193360,0,,,,0xC537e898CD774e2dCBa3B14Ea6f34C93d5eA45e1,NaN
5837,0x5816dc98c1ea71efe9c364c5035d515c58891bf3c2b9f2b76231a98902632fff,2023-06-02 02:49:17.508886,17390202,uniswap_v3 FRAX-b99e/USDC-eB48 100,FRAX-b99e/USDC-eB48,uniswap_v3,100,0.0001,,,,,,,,,,,79200614382714903068076,-276331,1,5241391934315935365009,0x9A834b70C07C81a9fcD6F22E842BF002fBfFbe4D,NaN
5838,340282366920938463463374607431768211593,2023-06-02 02:47:51.821166,17390195,NaN,DAI-1d0F/ETH-EEeE,carbon_v1,0.002,0.002,,,0,0,88739322630080,1876725096051745,0,0,30784910546,6418617024516,0,,,,0xC537e898CD774e2dCBa3B14Ea6f34C93d5eA45e1,NaN
5839,4083388403051261561560495289181218537610,2023-06-02 02:49:06.459546,17390201,NaN,WBTC-C599/USDC-eB48,carbon_v1,0.002,0.002,,,0,0,0,17130021568629,4367439913,4367439913,0,1550834819260499,0,,,,0xC537e898CD774e2dCBa3B14Ea6f34C93d5eA45e1,NaN